DateTime,Open,High,Low,Close
2011-01-02 16:00:00,1.3345,1.3362,1.3316,1.3321
2011-01-02 20:00:00,1.3319999999999999,1.3323,1.3275,1.3294
2011-01-03 00:00:00,1.3293,1.3316,1.3249,1.3296
2011-01-03 04:00:00,1.3295,1.3354,1.328,1.3347
2011-01-03 08:00:00,1.3348,1.3394,1.3304,1.3369
2011-01-03 12:00:00,1.337,1.3388,1.3348,1.3349
2011-01-03 16:00:00,1.335,1.3375,1.3333,1.3339
2011-01-03 20:00:00,1.334,1.3376,1.3328,1.3351
2011-01-04 00:00:00,1.335,1.337,1.3323,1.3351
2011-01-04 04:00:00,1.335,1.3416,1.335,1.3391
2011-01-04 08:00:00,1.3392,1.3433,1.3291,1.3304
2011-01-04 12:00:00,1.3305,1.3330000000000002,1.3292,1.3296
2011-01-04 16:00:00,1.3295,1.3324,1.3282,1.3296
2011-01-04 20:00:00,1.3295,1.3297,1.3263,1.327
2011-01-05 00:00:00,1.3271,1.3289,1.3236,1.3256
2011-01-05 04:00:00,1.3257,1.328,1.3206,1.3208
2011-01-05 08:00:00,1.3209,1.3221,1.3125,1.3169
2011-01-05 12:00:00,1.317,1.3191,1.3133,1.3154
2011-01-05 16:00:00,1.3153,1.3169,1.3138,1.3143
2011-01-05 20:00:00,1.3142,1.3163,1.3129,1.3139
2011-01-06 00:00:00,1.3138,1.3159,1.3098,1.3121
2011-01-06 04:00:00,1.3119999999999998,1.3135,1.3086,1.3091
2011-01-06 08:00:00,1.3090000000000002,1.3130000000000002,1.3004,1.3026
2011-01-06 12:00:00,1.3027,1.3029,1.2997,1.3014
2011-01-06 16:00:00,1.3013,1.3016,1.2968,1.3007
2011-01-06 20:00:00,1.3006,1.3021,1.2982,1.2987
2011-01-07 00:00:00,1.2986,1.3,1.2959,1.298
2011-01-07 04:00:00,1.2979,1.2996,1.295,1.2962
2011-01-07 08:00:00,1.2963,1.3018,1.2914,1.2942
2011-01-07 12:00:00,1.2941,1.2943,1.2905,1.2908
2011-01-07 16:00:00,1.2907,1.2921,1.2904,1.2906
2011-01-09 16:00:00,1.2876,1.2905,1.2874,1.2903
2011-01-09 20:00:00,1.2904,1.2929,1.2892,1.2905
2011-01-10 00:00:00,1.2906,1.2923,1.2875,1.2903
2011-01-10 04:00:00,1.2902,1.2939,1.2873,1.2892
2011-01-10 08:00:00,1.2893,1.2951,1.2889,1.2943
2011-01-10 12:00:00,1.2942,1.2963,1.2935,1.2953
2011-01-10 16:00:00,1.2952,1.2965,1.2926,1.2931
2011-01-10 20:00:00,1.2932,1.2990000000000002,1.2911,1.2943
2011-01-11 00:00:00,1.2942,1.2959,1.2912,1.2946
2011-01-11 04:00:00,1.2945,1.2981,1.2915,1.2963
2011-01-11 08:00:00,1.2964,1.2992,1.2904,1.2976
2011-01-11 12:00:00,1.2977,1.2982,1.2943,1.298
2011-01-11 16:00:00,1.2979,1.2995,1.2964,1.2983
2011-01-11 20:00:00,1.2984,1.3016,1.2982,1.2989
2011-01-12 00:00:00,1.2990000000000002,1.3021,1.2978,1.3015
2011-01-12 04:00:00,1.3016,1.3045,1.2961,1.2977
2011-01-12 08:00:00,1.2976,1.3068,1.2967,1.3065
2011-01-12 12:00:00,1.3066,1.3144,1.3055,1.3131
2011-01-12 16:00:00,1.3130000000000002,1.3138,1.3115,1.3128
2011-01-12 20:00:00,1.3127,1.3132,1.3099,1.3104
2011-01-13 00:00:00,1.3103,1.3146,1.3088,1.3142
2011-01-13 04:00:00,1.3141,1.3201,1.3122,1.3195
2011-01-13 08:00:00,1.3194,1.3374,1.3188,1.3362
2011-01-13 12:00:00,1.3361,1.3382,1.3341,1.3349
2011-01-13 16:00:00,1.335,1.3364,1.3329,1.3344
2011-01-13 20:00:00,1.3343,1.3348,1.3322,1.3346
2011-01-14 00:00:00,1.3347,1.3456,1.3329,1.3413
2011-01-14 04:00:00,1.3414,1.3415,1.3319,1.3345
2011-01-14 08:00:00,1.3344,1.3402,1.3314,1.3326
2011-01-14 12:00:00,1.3325,1.3378,1.3322,1.3372
2011-01-14 16:00:00,1.3373,1.3388,1.3372,1.3388
2011-01-16 16:00:00,1.3384,1.3384,1.3352,1.3358
2011-01-16 20:00:00,1.3357,1.3361,1.3332,1.3336
2011-01-17 00:00:00,1.3335,1.3339,1.3271,1.3272
2011-01-17 04:00:00,1.3271,1.3341,1.3244,1.3323
2011-01-17 08:00:00,1.3322,1.3333,1.3277,1.3295
2011-01-17 12:00:00,1.3296,1.3301,1.3283,1.3284
2011-01-17 16:00:00,1.3285,1.3296,1.3252,1.3264
2011-01-17 20:00:00,1.3263,1.3322,1.3257,1.3314
2011-01-18 00:00:00,1.3315,1.3387,1.3302,1.3383
2011-01-18 04:00:00,1.3384,1.3428,1.3377,1.3404
2011-01-18 08:00:00,1.3405,1.3466,1.3367,1.3397
2011-01-18 12:00:00,1.3398,1.3406,1.3355,1.3383
2011-01-18 16:00:00,1.3382,1.3398,1.3367,1.3396
2011-01-18 20:00:00,1.3395,1.3457,1.3395,1.3445
2011-01-19 00:00:00,1.3446,1.3506,1.3441,1.3456
2011-01-19 04:00:00,1.3457,1.3523,1.3434,1.3516
2011-01-19 08:00:00,1.3517,1.3537,1.3467,1.3493
2011-01-19 12:00:00,1.3494,1.3508,1.3448,1.3471
2011-01-19 16:00:00,1.3472,1.3475,1.3430000000000002,1.3441
2011-01-19 20:00:00,1.3442,1.3463,1.3426,1.3455
2011-01-20 00:00:00,1.3456,1.3487,1.3417,1.3477
2011-01-20 04:00:00,1.3476,1.3522,1.3465,1.3474
2011-01-20 08:00:00,1.3475,1.3488,1.3395,1.3441
2011-01-20 12:00:00,1.3442,1.3489,1.3441,1.3473
2011-01-20 16:00:00,1.3474,1.3481,1.3448,1.3462
2011-01-20 20:00:00,1.3461,1.3513,1.3452,1.3496
2011-01-21 00:00:00,1.3495,1.3559999999999999,1.3464,1.3554
2011-01-21 04:00:00,1.3555,1.3565,1.3503,1.3530000000000002
2011-01-21 08:00:00,1.3529,1.3592,1.3514,1.3579
2011-01-21 12:00:00,1.3578,1.3623,1.3575,1.3613
2011-01-21 16:00:00,1.3612,1.3625,1.3612,1.3619999999999999
2011-01-23 16:00:00,1.364,1.3641,1.3589,1.3592
2011-01-23 20:00:00,1.3593,1.3622,1.3585,1.3593
2011-01-24 00:00:00,1.3594,1.3611,1.3563,1.3572
2011-01-24 04:00:00,1.3571,1.3577,1.3539,1.3572
2011-01-24 08:00:00,1.3574,1.3685,1.3568,1.3651
2011-01-24 12:00:00,1.3652,1.3672,1.3627,1.3643
2011-01-24 16:00:00,1.3644,1.3649,1.3627,1.3643
2011-01-24 20:00:00,1.3644,1.3683,1.3641,1.3658
2011-01-25 00:00:00,1.3657,1.3686,1.3626,1.3636
2011-01-25 04:00:00,1.3635,1.3638,1.3572,1.359
2011-01-25 08:00:00,1.3591,1.3683,1.3575,1.3642
2011-01-25 12:00:00,1.3641,1.3703,1.3632,1.3681
2011-01-25 16:00:00,1.368,1.37,1.3662,1.3663
2011-01-25 20:00:00,1.3662,1.3699,1.3659999999999999,1.3691
2011-01-26 00:00:00,1.3693,1.3706,1.3656,1.3698
2011-01-26 04:00:00,1.3699,1.3721,1.3681,1.369
2011-01-26 08:00:00,1.3691,1.3702,1.3643,1.3686
2011-01-26 12:00:00,1.3687,1.3708,1.364,1.3689
2011-01-26 16:00:00,1.369,1.3713,1.3689,1.3703
2011-01-26 20:00:00,1.3702,1.371,1.369,1.3702
2011-01-27 00:00:00,1.3703,1.3728,1.3636,1.3669
2011-01-27 04:00:00,1.367,1.3756,1.3665,1.3717
2011-01-27 08:00:00,1.3716,1.3757,1.3678,1.3686
2011-01-27 12:00:00,1.3685,1.374,1.3683,1.3735
2011-01-27 16:00:00,1.3734,1.3736,1.3718,1.3733
2011-01-27 20:00:00,1.3732,1.3743,1.3695,1.3703
2011-01-28 00:00:00,1.3702,1.3725,1.3678,1.3703
2011-01-28 04:00:00,1.3702,1.3745,1.3693,1.3712
2011-01-28 08:00:00,1.3713,1.3737,1.3597,1.3605
2011-01-28 12:00:00,1.3604,1.3621,1.3582,1.3607
2011-01-28 16:00:00,1.3608,1.3617,1.3607,1.361
2011-01-30 16:00:00,1.3587,1.3603,1.357,1.3581
2011-01-30 20:00:00,1.358,1.3613,1.357,1.3603
2011-01-31 00:00:00,1.3604,1.3637,1.3597,1.3616
2011-01-31 04:00:00,1.3615,1.3705,1.3614,1.3701
2011-01-31 08:00:00,1.37,1.3738,1.3685,1.3714
2011-01-31 12:00:00,1.3713,1.3729,1.3663,1.369
2011-01-31 16:00:00,1.3689,1.3724,1.3683,1.3716
2011-01-31 20:00:00,1.3715,1.3728,1.3706,1.3728
2011-02-01 00:00:00,1.3727,1.3756,1.37,1.3714
2011-02-01 04:00:00,1.3715,1.3774,1.3704,1.3757
2011-02-01 08:00:00,1.3758,1.3803,1.3726,1.3791
2011-02-01 12:00:00,1.379,1.3842,1.379,1.3829
2011-02-01 16:00:00,1.383,1.3836,1.3819,1.3829
2011-02-01 20:00:00,1.3828,1.386,1.3826,1.3851
2011-02-02 00:00:00,1.385,1.3855,1.3825,1.3831
2011-02-02 04:00:00,1.383,1.3845,1.3787,1.3799
2011-02-02 08:00:00,1.38,1.3827,1.3774,1.3777
2011-02-02 12:00:00,1.3776,1.3809,1.3766,1.3808
2011-02-02 16:00:00,1.3809,1.3816,1.3798,1.3806
2011-02-02 20:00:00,1.3807,1.3811,1.3783,1.3794
2011-02-03 00:00:00,1.3795,1.3825,1.3780000000000001,1.3796
2011-02-03 04:00:00,1.3795,1.3807,1.3744,1.3755
2011-02-03 08:00:00,1.3754,1.3768,1.3615,1.3653
2011-02-03 12:00:00,1.3652,1.3655,1.3608,1.3633
2011-02-03 16:00:00,1.3632,1.3638,1.3619,1.3619
2011-02-03 20:00:00,1.3619999999999999,1.3639,1.3619999999999999,1.3630000000000002
2011-02-04 00:00:00,1.3629,1.3642,1.3616,1.3632
2011-02-04 04:00:00,1.3633,1.3642,1.3619999999999999,1.3628
2011-02-04 08:00:00,1.3629,1.3678,1.3542,1.3582
2011-02-04 12:00:00,1.3581,1.3598,1.3567,1.3586
2011-02-04 16:00:00,1.3585,1.3588,1.3577,1.358
2011-02-06 16:00:00,1.3562,1.3586,1.3562,1.3576
2011-02-06 20:00:00,1.3577,1.3623,1.3576,1.3609
2011-02-07 00:00:00,1.3608,1.3626,1.3581,1.3609
2011-02-07 04:00:00,1.361,1.3612,1.3533,1.3561
2011-02-07 08:00:00,1.3559999999999999,1.3571,1.3507,1.3555
2011-02-07 12:00:00,1.3554,1.3599,1.3542,1.3583
2011-02-07 16:00:00,1.3584,1.3594,1.3574,1.358
2011-02-07 20:00:00,1.3581,1.3617,1.3571,1.3615
2011-02-08 00:00:00,1.3614,1.3648,1.3614,1.3619999999999999
2011-02-08 04:00:00,1.3619,1.3666,1.3592,1.3638
2011-02-08 08:00:00,1.3639,1.3687,1.3613,1.3685
2011-02-08 12:00:00,1.3684,1.3686,1.3619999999999999,1.3632
2011-02-08 16:00:00,1.3631,1.3633,1.3611,1.3631
2011-02-08 20:00:00,1.3630000000000002,1.3654,1.3626,1.364
2011-02-09 00:00:00,1.3641,1.3661,1.3628,1.3633
2011-02-09 04:00:00,1.3634,1.3655,1.361,1.3648
2011-02-09 08:00:00,1.3649,1.3719999999999999,1.364,1.3686
2011-02-09 12:00:00,1.3685,1.3743,1.3681,1.3732
2011-02-09 16:00:00,1.3731,1.3735,1.3708,1.371
2011-02-09 20:00:00,1.3709,1.3719,1.3701,1.3701
2011-02-10 00:00:00,1.37,1.37,1.3636,1.3643
2011-02-10 04:00:00,1.3642,1.3653,1.3612,1.3628
2011-02-10 08:00:00,1.3629,1.3637,1.3576,1.3635
2011-02-10 12:00:00,1.3634,1.3634,1.3589,1.3593
2011-02-10 16:00:00,1.3594,1.3619999999999999,1.359,1.3617
2011-02-10 20:00:00,1.3616,1.3619,1.3559999999999999,1.358
2011-02-11 00:00:00,1.3579,1.3579,1.3538,1.3538
2011-02-11 04:00:00,1.3539,1.3543,1.3508,1.3531
2011-02-11 08:00:00,1.3532,1.3571,1.3505,1.3518
2011-02-11 12:00:00,1.3517,1.3557,1.3496,1.3546
2011-02-11 16:00:00,1.3545,1.3558,1.3543,1.3556
2011-02-13 16:00:00,1.3506,1.3533,1.35,1.3524
2011-02-13 20:00:00,1.3523,1.3549,1.3514,1.3532
2011-02-14 00:00:00,1.3533,1.3557,1.3459999999999999,1.3475
2011-02-14 04:00:00,1.3474,1.3481,1.3430000000000002,1.3442
2011-02-14 08:00:00,1.3443,1.3488,1.3427,1.3472
2011-02-14 12:00:00,1.3473,1.3505,1.3471,1.3486
2011-02-14 16:00:00,1.3487,1.3507,1.3477,1.3499
2011-02-14 20:00:00,1.35,1.3527,1.3495,1.3507
2011-02-15 00:00:00,1.3508,1.3526,1.3459999999999999,1.3508
2011-02-15 04:00:00,1.3509,1.3549,1.3499,1.3514
2011-02-15 08:00:00,1.3513,1.3546,1.3489,1.3492
2011-02-15 12:00:00,1.3491,1.3524,1.3476,1.3481
2011-02-15 16:00:00,1.348,1.3509,1.348,1.3508
2011-02-15 20:00:00,1.3509,1.3538,1.3507,1.3529
2011-02-16 00:00:00,1.3528,1.3569,1.3519,1.3561
2011-02-16 04:00:00,1.3559999999999999,1.3564,1.3499,1.3513
2011-02-16 08:00:00,1.3512,1.3566,1.3461,1.3545
2011-02-16 12:00:00,1.3546,1.3587,1.3535,1.3569
2011-02-16 16:00:00,1.357,1.358,1.3559,1.3574
2011-02-16 20:00:00,1.3575,1.3608,1.3568,1.3579
2011-02-17 00:00:00,1.358,1.359,1.3538,1.3553
2011-02-17 04:00:00,1.3554,1.3584,1.3536,1.3572
2011-02-17 08:00:00,1.3573,1.3617,1.3542,1.361
2011-02-17 12:00:00,1.3609,1.3618,1.3585,1.3606
2011-02-17 16:00:00,1.3605,1.3626,1.36,1.3611
2011-02-17 20:00:00,1.3612,1.3616,1.359,1.3604
2011-02-18 00:00:00,1.3605,1.3613,1.3573,1.3578
2011-02-18 04:00:00,1.3579,1.3618,1.3544,1.3606
2011-02-18 08:00:00,1.3607,1.3672,1.3606,1.3672
2011-02-18 12:00:00,1.3671,1.3714,1.3663,1.3685
2011-02-18 16:00:00,1.3684,1.3702,1.3683,1.3692
2011-02-20 16:00:00,1.37,1.3715,1.3686,1.3693
2011-02-20 20:00:00,1.3694,1.3696,1.3669,1.3674
2011-02-21 00:00:00,1.3675,1.3698,1.3665,1.3698
2011-02-21 04:00:00,1.3697,1.3708,1.3661,1.3669
2011-02-21 08:00:00,1.367,1.3685,1.3646,1.3674
2011-02-21 12:00:00,1.3673,1.3683,1.3664,1.3675
2011-02-21 16:00:00,1.3674,1.3683,1.3625,1.3633
2011-02-21 20:00:00,1.3634,1.3638,1.3562,1.3591
2011-02-22 00:00:00,1.3592,1.3596,1.3524,1.3551
2011-02-22 04:00:00,1.3552,1.3684,1.355,1.3664
2011-02-22 08:00:00,1.3665,1.3703,1.3645,1.3659
2011-02-22 12:00:00,1.3659999999999999,1.3677,1.3634,1.3652
2011-02-22 16:00:00,1.3653,1.3696,1.3647,1.3693
2011-02-22 20:00:00,1.3694,1.3712,1.368,1.3693
2011-02-23 00:00:00,1.3694,1.3734,1.3682,1.3717
2011-02-23 04:00:00,1.3716,1.3742,1.3692,1.3729
2011-02-23 08:00:00,1.3728,1.3786,1.3709,1.3756
2011-02-23 12:00:00,1.3757,1.3762,1.3732,1.3745
2011-02-23 16:00:00,1.3744,1.3783,1.374,1.3769
2011-02-23 20:00:00,1.3768,1.3783,1.3763,1.3775
2011-02-24 00:00:00,1.3774,1.3783,1.3703,1.3759
2011-02-24 04:00:00,1.3758,1.3807,1.3749,1.3780000000000001
2011-02-24 08:00:00,1.3781,1.382,1.3757,1.3792
2011-02-24 12:00:00,1.3793,1.3807,1.3783,1.3799
2011-02-24 16:00:00,1.3798,1.3823,1.3795,1.3809
2011-02-24 20:00:00,1.3808,1.3837,1.3807,1.3825
2011-02-25 00:00:00,1.3824,1.3834,1.3796,1.3804
2011-02-25 04:00:00,1.3803,1.3826,1.3772,1.3778
2011-02-25 08:00:00,1.3777,1.3785,1.3723,1.3755
2011-02-25 12:00:00,1.3756,1.3765,1.3736,1.3752
2011-02-25 16:00:00,1.3751,1.3753,1.374,1.3752
2011-02-27 16:00:00,1.3758,1.3762,1.371,1.3719999999999999
2011-02-27 20:00:00,1.3721,1.3761,1.3717,1.3756
2011-02-28 00:00:00,1.3757,1.3797,1.3754,1.3797
2011-02-28 04:00:00,1.3798,1.3848,1.3796,1.3827
2011-02-28 08:00:00,1.3828,1.3855,1.379,1.3791
2011-02-28 12:00:00,1.3792,1.381,1.3780000000000001,1.3798
2011-02-28 16:00:00,1.3799,1.3829,1.3799,1.3823
2011-02-28 20:00:00,1.3824,1.3825,1.3799,1.3805
2011-03-01 00:00:00,1.3804,1.3842,1.3785,1.3836
2011-03-01 04:00:00,1.3835,1.3853,1.3804,1.382
2011-03-01 08:00:00,1.3821,1.385,1.3795,1.3811
2011-03-01 12:00:00,1.381,1.3817,1.3762,1.3769999999999998
2011-03-01 16:00:00,1.3769,1.3786,1.3762,1.3769999999999998
2011-03-01 20:00:00,1.3769,1.3780000000000001,1.3742,1.375
2011-03-02 00:00:00,1.3749,1.3782,1.3744,1.3781
2011-03-02 04:00:00,1.3782,1.3841,1.3777,1.3823
2011-03-02 08:00:00,1.3824,1.3889,1.3803,1.3867
2011-03-02 12:00:00,1.3868,1.3875,1.3847,1.3865
2011-03-02 16:00:00,1.3864,1.3869,1.3853,1.3854
2011-03-02 20:00:00,1.3855,1.3862,1.3845,1.3855
2011-03-03 00:00:00,1.3856,1.3876,1.3837,1.3841
2011-03-03 04:00:00,1.3842,1.3881,1.3832,1.385
2011-03-03 08:00:00,1.3851,1.3975,1.3834,1.3945
2011-03-03 12:00:00,1.3946,1.3969999999999998,1.3929,1.3958
2011-03-03 16:00:00,1.3957,1.3971,1.3952,1.3958
2011-03-03 20:00:00,1.3957,1.3963,1.3948,1.3954
2011-03-04 00:00:00,1.3953,1.3964,1.3949,1.3957
2011-03-04 04:00:00,1.3956,1.3976,1.3955,1.3965
2011-03-04 08:00:00,1.3966,1.4006,1.3940000000000001,1.3981
2011-03-04 12:00:00,1.3980000000000001,1.3993,1.3963,1.3984
2011-03-04 16:00:00,1.3982,1.3989,1.3980000000000001,1.3986
2011-03-06 16:00:00,1.3988,1.3997,1.3971,1.3972
2011-03-06 20:00:00,1.3973,1.3983,1.3961,1.3974
2011-03-07 00:00:00,1.3973,1.3999,1.3955,1.3986
2011-03-07 04:00:00,1.3987,1.4035,1.3986,1.402
2011-03-07 08:00:00,1.4022,1.4029,1.3971,1.3975
2011-03-07 12:00:00,1.3976,1.3983,1.3956,1.3971
2011-03-07 16:00:00,1.3972,1.3975,1.3957,1.3966
2011-03-07 20:00:00,1.3965,1.3988,1.3955,1.3987
2011-03-08 00:00:00,1.3986,1.3987,1.3921,1.3928
2011-03-08 04:00:00,1.3929,1.3943,1.3896,1.3897
2011-03-08 08:00:00,1.3896,1.3913,1.3861,1.391
2011-03-08 12:00:00,1.3909,1.3923,1.3896,1.3897
2011-03-08 16:00:00,1.3898,1.3909,1.3879,1.3879
2011-03-08 20:00:00,1.3880000000000001,1.3895,1.3879,1.3888
2011-03-09 00:00:00,1.3887,1.3907,1.3855,1.3873
2011-03-09 04:00:00,1.3872,1.3941,1.3863,1.3925
2011-03-09 08:00:00,1.3924,1.3934,1.3892,1.3904
2011-03-09 12:00:00,1.3906,1.3911,1.3884,1.3903
2011-03-09 16:00:00,1.3902,1.3916,1.39,1.3915
2011-03-09 20:00:00,1.3916,1.3924,1.3863,1.3867
2011-03-10 00:00:00,1.3868,1.3878,1.3803,1.3838
2011-03-10 04:00:00,1.3837,1.385,1.3816,1.3827
2011-03-10 08:00:00,1.3826,1.3835,1.379,1.3822
2011-03-10 12:00:00,1.3821,1.3824,1.3774,1.3788
2011-03-10 16:00:00,1.3787,1.3814,1.3784,1.3814
2011-03-10 20:00:00,1.3815,1.3831,1.3805,1.3822
2011-03-11 00:00:00,1.3823,1.3840000000000001,1.3789,1.3832
2011-03-11 04:00:00,1.3831,1.3833,1.3751,1.3787
2011-03-11 08:00:00,1.3788,1.3863,1.3759,1.3863
2011-03-11 12:00:00,1.3864,1.3903,1.3864,1.3901
2011-03-11 16:00:00,1.3902,1.3914,1.3899,1.3902
2011-03-13 16:00:00,1.3963,1.3978,1.3927,1.3934
2011-03-13 20:00:00,1.3935,1.3946,1.3915,1.3918
2011-03-14 00:00:00,1.3919,1.3952,1.3917,1.3937
2011-03-14 04:00:00,1.3936,1.3980000000000001,1.3904,1.3958
2011-03-14 08:00:00,1.3957,1.3976,1.3942,1.3973
2011-03-14 12:00:00,1.3974,1.4002,1.3973,1.3997
2011-03-14 16:00:00,1.3998,1.4,1.3984,1.399
2011-03-14 20:00:00,1.3989,1.4,1.3922,1.3928
2011-03-15 00:00:00,1.3927,1.3946,1.3891,1.3917
2011-03-15 04:00:00,1.3918,1.3938,1.3854,1.3882
2011-03-15 08:00:00,1.3881,1.3967,1.3862,1.3966
2011-03-15 12:00:00,1.3967,1.4012,1.3953,1.3995
2011-03-15 16:00:00,1.3996,1.4002,1.3969999999999998,1.3985
2011-03-15 20:00:00,1.3984,1.3988,1.396,1.3965
2011-03-16 00:00:00,1.3966,1.4,1.3961,1.3962
2011-03-16 04:00:00,1.3961,1.3984,1.3926,1.3947
2011-03-16 08:00:00,1.3948,1.3976,1.3898,1.3921
2011-03-16 12:00:00,1.392,1.3934,1.3866,1.3888
2011-03-16 16:00:00,1.3887,1.3968,1.3868,1.3883
2011-03-16 20:00:00,1.3884,1.3926,1.3876,1.3919
2011-03-17 00:00:00,1.392,1.3977,1.3913,1.3955
2011-03-17 04:00:00,1.3956,1.4052,1.3954,1.4017
2011-03-17 08:00:00,1.4018,1.4029,1.3979,1.4019
2011-03-17 12:00:00,1.4018,1.4041,1.3998,1.402
2011-03-17 16:00:00,1.4019,1.4037,1.4,1.4029
2011-03-17 20:00:00,1.403,1.4086,1.3979,1.4075
2011-03-18 00:00:00,1.4074,1.4080000000000001,1.4040000000000001,1.4049
2011-03-18 04:00:00,1.405,1.4138,1.4043,1.4135
2011-03-18 08:00:00,1.4136,1.4144,1.4121,1.4139
2011-03-18 12:00:00,1.4138,1.4182,1.4136,1.4168
2011-03-18 16:00:00,1.4167,1.4183,1.4166,1.4181
2011-03-20 16:00:00,1.4194,1.4195,1.4165,1.4168
2011-03-20 20:00:00,1.4167,1.4181,1.4158,1.4169
2011-03-21 00:00:00,1.4168,1.4184,1.4159,1.4169999999999998
2011-03-21 04:00:00,1.4171,1.4177,1.4146,1.4166
2011-03-21 08:00:00,1.4165,1.4202,1.4138,1.4182
2011-03-21 12:00:00,1.4183,1.4239,1.4182,1.4221
2011-03-21 16:00:00,1.422,1.4226,1.4202,1.4216
2011-03-21 20:00:00,1.4217,1.4228,1.4207,1.4221
2011-03-22 00:00:00,1.422,1.4242,1.4212,1.4232
2011-03-22 04:00:00,1.4233,1.4247,1.4221,1.4240000000000002
2011-03-22 08:00:00,1.4241,1.4242,1.4178,1.421
2011-03-22 12:00:00,1.4209,1.4217,1.4192,1.4198
2011-03-22 16:00:00,1.4197,1.4205,1.4162,1.4167
2011-03-22 20:00:00,1.4168,1.4177,1.4152,1.4177
2011-03-23 00:00:00,1.4176,1.4185,1.4148,1.4161
2011-03-23 04:00:00,1.4162,1.4213,1.4140000000000001,1.4141
2011-03-23 08:00:00,1.4140000000000001,1.4161,1.4104,1.4121
2011-03-23 12:00:00,1.4122,1.4136,1.4099,1.4101
2011-03-23 16:00:00,1.41,1.4114,1.4076,1.4103
2011-03-23 20:00:00,1.4104,1.4109,1.4069999999999998,1.4075
2011-03-24 00:00:00,1.4076,1.409,1.4053,1.4072
2011-03-24 04:00:00,1.4071,1.4144,1.4062,1.4134
2011-03-24 08:00:00,1.4135,1.4211,1.4106,1.4198
2011-03-24 12:00:00,1.4199,1.4219,1.4166,1.4172
2011-03-24 16:00:00,1.4171,1.4183,1.415,1.4168
2011-03-24 20:00:00,1.4169,1.4180000000000001,1.4163,1.4168
2011-03-25 00:00:00,1.4167,1.4193,1.4163,1.4183
2011-03-25 04:00:00,1.4182,1.4183,1.4139,1.4159
2011-03-25 08:00:00,1.4158,1.4159,1.411,1.4142
2011-03-25 12:00:00,1.4141,1.4142,1.4055,1.4074
2011-03-25 16:00:00,1.4073,1.409,1.4072,1.4086
2011-03-27 16:00:00,1.4040000000000001,1.4054,1.402,1.4034
2011-03-27 20:00:00,1.4033,1.4068,1.4028,1.4052
2011-03-28 00:00:00,1.4051,1.4078,1.4035,1.4069999999999998
2011-03-28 04:00:00,1.4071,1.4084,1.4035,1.4037
2011-03-28 08:00:00,1.4038,1.4114,1.4025,1.4103
2011-03-28 12:00:00,1.4102,1.4107,1.4081,1.4091
2011-03-28 16:00:00,1.409,1.4094,1.4069999999999998,1.4072
2011-03-28 20:00:00,1.4071,1.4088,1.4062,1.4083
2011-03-29 00:00:00,1.4084,1.4143,1.4083,1.413
2011-03-29 04:00:00,1.4129,1.4148,1.4059,1.4064
2011-03-29 08:00:00,1.4063,1.4097,1.4046,1.4088
2011-03-29 12:00:00,1.4087,1.4108,1.4072,1.4101
2011-03-29 16:00:00,1.4102,1.4125,1.4101,1.4119
2011-03-29 20:00:00,1.412,1.4126,1.4069,1.4089
2011-03-30 00:00:00,1.4088,1.4097,1.4058,1.4078
2011-03-30 04:00:00,1.4079,1.4116,1.4057,1.4092
2011-03-30 08:00:00,1.4091,1.4106,1.4051,1.4093
2011-03-30 12:00:00,1.4094,1.4146,1.4094,1.4124
2011-03-30 16:00:00,1.4123,1.413,1.4116,1.4126
2011-03-30 20:00:00,1.4125,1.4146,1.4115,1.4131
2011-03-31 00:00:00,1.413,1.4186,1.4128,1.4185
2011-03-31 04:00:00,1.4184,1.4232,1.4176,1.4226
2011-03-31 08:00:00,1.4227,1.4227,1.4163,1.4181
2011-03-31 12:00:00,1.4182,1.4205,1.4171,1.4172
2011-03-31 16:00:00,1.4171,1.4178,1.4152,1.4156
2011-03-31 20:00:00,1.4155,1.4172,1.4155,1.4163
2011-04-01 00:00:00,1.4164,1.4178,1.4145,1.4154
2011-04-01 04:00:00,1.4155,1.4169999999999998,1.4143,1.4157
2011-04-01 08:00:00,1.4158,1.4214,1.4061,1.4214
2011-04-01 12:00:00,1.4213,1.4245,1.4193,1.4221
2011-04-01 16:00:00,1.422,1.4236,1.4219,1.4235
2011-04-03 16:00:00,1.423,1.4242,1.4216,1.4233
2011-04-03 20:00:00,1.4234,1.4268,1.4216,1.4221
2011-04-04 00:00:00,1.422,1.4241,1.4211,1.4224
2011-04-04 04:00:00,1.4223,1.4229,1.4192,1.4223
2011-04-04 08:00:00,1.4222,1.425,1.4203,1.4219
2011-04-04 12:00:00,1.4218,1.4228,1.4196,1.4215
2011-04-04 16:00:00,1.4216,1.4231,1.4191,1.4204
2011-04-04 20:00:00,1.4203,1.4216,1.4185,1.4192
2011-04-05 00:00:00,1.4193,1.4206,1.4169,1.4183
2011-04-05 04:00:00,1.4182,1.419,1.4158,1.4172
2011-04-05 08:00:00,1.4173,1.4231,1.415,1.4229
2011-04-05 12:00:00,1.423,1.4245,1.4207,1.4219
2011-04-05 16:00:00,1.422,1.4232,1.4207,1.4231
2011-04-05 20:00:00,1.423,1.4265,1.4227,1.4257
2011-04-06 00:00:00,1.4256,1.4313,1.4251,1.4299
2011-04-06 04:00:00,1.4298,1.4316,1.4285,1.4292
2011-04-06 08:00:00,1.4293,1.4348,1.4273,1.4331
2011-04-06 12:00:00,1.433,1.4342,1.4318,1.433
2011-04-06 16:00:00,1.4331,1.4336,1.4318,1.4323
2011-04-06 20:00:00,1.4324,1.4324,1.43,1.4309
2011-04-07 00:00:00,1.4308,1.4312,1.4278,1.4286
2011-04-07 04:00:00,1.4285,1.4297,1.4265,1.4278
2011-04-07 08:00:00,1.4277,1.4322,1.4241,1.4285
2011-04-07 12:00:00,1.4284,1.4308,1.4274,1.4302
2011-04-07 16:00:00,1.4303,1.4308,1.4293,1.4297
2011-04-07 20:00:00,1.4298,1.4403,1.429,1.4391
2011-04-08 00:00:00,1.4392,1.442,1.4383,1.4413
2011-04-08 04:00:00,1.4412,1.4418,1.4391,1.4408
2011-04-08 08:00:00,1.4409,1.4443,1.44,1.4436
2011-04-08 12:00:00,1.4435,1.4465,1.4416,1.4455
2011-04-08 16:00:00,1.4454,1.4487,1.4453,1.4483
2011-04-10 16:00:00,1.4472,1.4482,1.445,1.4479
2011-04-10 20:00:00,1.4478,1.4482,1.444,1.4458
2011-04-11 00:00:00,1.4459,1.4468,1.4446,1.446
2011-04-11 04:00:00,1.4459,1.4469,1.4433,1.4438
2011-04-11 08:00:00,1.4437,1.4464,1.442,1.4452
2011-04-11 12:00:00,1.4453,1.4461,1.4422,1.4427
2011-04-11 16:00:00,1.4426,1.444,1.4421,1.4422
2011-04-11 20:00:00,1.4423,1.4432,1.4377,1.439
2011-04-12 00:00:00,1.4391,1.4433,1.4379,1.4425
2011-04-12 04:00:00,1.4426,1.4480000000000002,1.4422,1.4468
2011-04-12 08:00:00,1.4469,1.4518,1.4436,1.4453
2011-04-12 12:00:00,1.4452,1.4495,1.445,1.4476
2011-04-12 16:00:00,1.4475,1.4483,1.4468,1.4481
2011-04-12 20:00:00,1.4482,1.4493,1.4453,1.4473
2011-04-13 00:00:00,1.4472,1.4517,1.4469,1.4505
2011-04-13 04:00:00,1.4504,1.4519,1.4482,1.4503
2011-04-13 08:00:00,1.4504,1.4509999999999998,1.4459,1.4475
2011-04-13 12:00:00,1.4476,1.4483,1.4412,1.4443
2011-04-13 16:00:00,1.4442,1.4453,1.4433,1.445
2011-04-13 20:00:00,1.4449,1.4466,1.4407,1.4461
2011-04-14 00:00:00,1.4462,1.4513,1.4442,1.4498
2011-04-14 04:00:00,1.4499,1.4502,1.4364,1.4387
2011-04-14 08:00:00,1.4388,1.4475,1.4386,1.4462
2011-04-14 12:00:00,1.4461,1.4502,1.4456,1.4493
2011-04-14 16:00:00,1.4492,1.4503,1.4480000000000002,1.4501
2011-04-14 20:00:00,1.45,1.45,1.4462,1.4468
2011-04-15 00:00:00,1.4467,1.4499,1.445,1.4467
2011-04-15 04:00:00,1.4466,1.4482,1.4441,1.4455
2011-04-15 08:00:00,1.4456,1.4457,1.439,1.4441
2011-04-15 12:00:00,1.444,1.4454,1.4419,1.4426
2011-04-15 16:00:00,1.4425,1.443,1.442,1.4429
2011-04-17 16:00:00,1.4412,1.442,1.439,1.4396
2011-04-17 20:00:00,1.4397,1.4404,1.4348,1.4382
2011-04-18 00:00:00,1.4381,1.4387,1.4298,1.4341
2011-04-18 04:00:00,1.4340000000000002,1.4354,1.4272,1.4275
2011-04-18 08:00:00,1.4276,1.4349,1.4156,1.4209
2011-04-18 12:00:00,1.421,1.4246,1.4205,1.4231
2011-04-18 16:00:00,1.4232,1.4239,1.4218,1.4236
2011-04-18 20:00:00,1.4237,1.4244,1.4205,1.4228
2011-04-19 00:00:00,1.4227,1.4263,1.4204,1.4252
2011-04-19 04:00:00,1.4253,1.4316,1.4237,1.4308
2011-04-19 08:00:00,1.4307,1.4327,1.4275,1.4317
2011-04-19 12:00:00,1.4318,1.4352,1.431,1.4329
2011-04-19 16:00:00,1.433,1.4372,1.4327,1.4364
2011-04-19 20:00:00,1.4363,1.4412,1.4353,1.4397
2011-04-20 00:00:00,1.4398,1.4436,1.4382,1.4434
2011-04-20 04:00:00,1.4435,1.4546,1.4422,1.4504
2011-04-20 08:00:00,1.4505,1.4541,1.4495,1.4512
2011-04-20 12:00:00,1.4511,1.4518,1.4485,1.4509999999999998
2011-04-20 16:00:00,1.4511,1.4526,1.4504,1.4517
2011-04-20 20:00:00,1.4516,1.4581,1.4514,1.4563
2011-04-21 00:00:00,1.4562,1.464,1.4562,1.4639
2011-04-21 04:00:00,1.464,1.4648,1.46,1.4611
2011-04-21 08:00:00,1.4612,1.4613,1.4532,1.4583
2011-04-21 12:00:00,1.4582,1.4583,1.4531,1.4556
2011-04-21 16:00:00,1.4555,1.456,1.4541,1.4558
2011-04-21 20:00:00,1.4557,1.4575,1.4544,1.4557
2011-04-22 00:00:00,1.4558,1.4588,1.4554,1.456
2011-04-22 04:00:00,1.4559,1.4576,1.455,1.4552
2011-04-22 08:00:00,1.4553,1.4555,1.4533,1.4543
2011-04-22 12:00:00,1.4542,1.4555,1.4541,1.4546
2011-04-22 16:00:00,1.4547,1.4566,1.4546,1.456
2011-04-24 16:00:00,1.4561,1.4588,1.455,1.4587
2011-04-24 20:00:00,1.4588,1.4605,1.4524,1.4545
2011-04-25 00:00:00,1.4547,1.4579,1.4546,1.4574
2011-04-25 04:00:00,1.4575,1.4626,1.4575,1.4598
2011-04-25 08:00:00,1.4599,1.4613,1.4538,1.4574
2011-04-25 12:00:00,1.4575,1.4587,1.4565,1.4580000000000002
2011-04-25 16:00:00,1.4581,1.4586,1.4546,1.455
2011-04-25 20:00:00,1.4551,1.4551,1.4492,1.4534
2011-04-26 00:00:00,1.4535,1.4609,1.4507,1.4601
2011-04-26 04:00:00,1.4602,1.4652,1.459,1.4602
2011-04-26 08:00:00,1.4601,1.4646,1.4601,1.4623
2011-04-26 12:00:00,1.4622,1.4656,1.4619,1.4638
2011-04-26 16:00:00,1.4639,1.4713,1.4633,1.4704
2011-04-26 20:00:00,1.4705,1.4711,1.4663,1.4683
2011-04-27 00:00:00,1.4684,1.4696,1.4655,1.4664
2011-04-27 04:00:00,1.4663,1.4691,1.466,1.4673
2011-04-27 08:00:00,1.4672,1.469,1.4632,1.4657
2011-04-27 12:00:00,1.4658,1.4793,1.4635,1.4793
2011-04-27 16:00:00,1.4794,1.4795,1.4768,1.4787
2011-04-27 20:00:00,1.4786,1.4881,1.4784,1.4863
2011-04-28 00:00:00,1.4862,1.4872,1.4826,1.4835
2011-04-28 04:00:00,1.4834,1.4865,1.479,1.479
2011-04-28 08:00:00,1.4789,1.4852,1.4774,1.4783
2011-04-28 12:00:00,1.4784,1.4826,1.4772,1.4819
2011-04-28 16:00:00,1.4818,1.4842,1.4817,1.484
2011-04-28 20:00:00,1.4839,1.4847,1.4803,1.4829
2011-04-29 00:00:00,1.4828,1.485,1.4825,1.4838
2011-04-29 04:00:00,1.4837,1.4877,1.4835,1.4874
2011-04-29 08:00:00,1.4875,1.4877,1.4808,1.4819
2011-04-29 12:00:00,1.482,1.4856,1.4809,1.4809
2011-04-29 16:00:00,1.4808,1.4816,1.4804,1.4807
2011-05-01 16:00:00,1.4816,1.4839,1.4779,1.4815
2011-05-01 20:00:00,1.4816,1.4863,1.4762,1.479
2011-05-02 00:00:00,1.4791,1.4821,1.4768,1.4802
2011-05-02 04:00:00,1.4801,1.4854,1.4801,1.4836
2011-05-02 08:00:00,1.4837,1.4901,1.4826,1.4869
2011-05-02 12:00:00,1.4869999999999999,1.4882,1.4825,1.483
2011-05-02 16:00:00,1.4831,1.4833,1.4785,1.4793
2011-05-02 20:00:00,1.4794,1.4812,1.4771,1.4801
2011-05-03 00:00:00,1.48,1.4844,1.4769999999999999,1.4783
2011-05-03 04:00:00,1.4784,1.4811,1.4754,1.4775
2011-05-03 08:00:00,1.4774,1.4889,1.4771,1.4874
2011-05-03 12:00:00,1.4873,1.4880000000000002,1.4815,1.4832
2011-05-03 16:00:00,1.4831,1.4837,1.4817,1.4836
2011-05-03 20:00:00,1.4835,1.4838,1.4774,1.4797
2011-05-04 00:00:00,1.4796,1.4873,1.4791,1.4848
2011-05-04 04:00:00,1.4847,1.4877,1.4831,1.4864
2011-05-04 08:00:00,1.4863,1.4939,1.4844,1.4857
2011-05-04 12:00:00,1.4858,1.4869,1.4825,1.483
2011-05-04 16:00:00,1.4829,1.4834,1.4804,1.4826
2011-05-04 20:00:00,1.4827,1.4864,1.4806,1.4863
2011-05-05 00:00:00,1.4864,1.4898,1.4849,1.4883
2011-05-05 04:00:00,1.4882,1.4897,1.4817,1.4842
2011-05-05 08:00:00,1.4841,1.4843,1.4576,1.4581
2011-05-05 12:00:00,1.4580000000000002,1.4599,1.4509,1.4525
2011-05-05 16:00:00,1.4526,1.4563,1.4521,1.4557
2011-05-05 20:00:00,1.4556,1.4587,1.4537,1.454
2011-05-06 00:00:00,1.4539,1.4586,1.4521,1.4532
2011-05-06 04:00:00,1.4533,1.4553,1.4495,1.4513
2011-05-06 08:00:00,1.4514,1.4573,1.4455,1.4494
2011-05-06 12:00:00,1.4495,1.45,1.4315,1.4352
2011-05-06 16:00:00,1.4353,1.4356,1.4309,1.4315
2011-05-08 16:00:00,1.4363,1.4395,1.4340000000000002,1.4387
2011-05-08 20:00:00,1.4388,1.4406,1.4363,1.4397
2011-05-09 00:00:00,1.4398,1.4439,1.4366,1.4433
2011-05-09 04:00:00,1.4432,1.4441,1.4380000000000002,1.4395
2011-05-09 08:00:00,1.4396,1.4407,1.4253,1.4298
2011-05-09 12:00:00,1.4299,1.4353,1.4285,1.435
2011-05-09 16:00:00,1.4351,1.4375,1.4347,1.4367
2011-05-09 20:00:00,1.4368,1.4368,1.4325,1.4331
2011-05-10 00:00:00,1.4332,1.4374,1.4269999999999998,1.4362
2011-05-10 04:00:00,1.4361,1.4378,1.4323,1.4366
2011-05-10 08:00:00,1.4367,1.4394,1.4319,1.4356
2011-05-10 12:00:00,1.4357,1.4411,1.4345,1.4398
2011-05-10 16:00:00,1.4397,1.4418,1.4396,1.4399
2011-05-10 20:00:00,1.44,1.4422,1.4382,1.4399
2011-05-11 00:00:00,1.44,1.4417,1.4366,1.4382
2011-05-11 04:00:00,1.4384,1.4422,1.4352,1.4361
2011-05-11 08:00:00,1.4362,1.4365,1.4258,1.4267
2011-05-11 12:00:00,1.4266,1.4283,1.4172,1.4201
2011-05-11 16:00:00,1.42,1.4216,1.4188,1.4206
2011-05-11 20:00:00,1.4205,1.4234,1.4189,1.422
2011-05-12 00:00:00,1.4221,1.4231,1.4181,1.4223
2011-05-12 04:00:00,1.4224,1.4232,1.4122,1.4167
2011-05-12 08:00:00,1.4168,1.4258,1.4135,1.4227
2011-05-12 12:00:00,1.4228,1.4276,1.421,1.4237
2011-05-12 16:00:00,1.4236,1.425,1.4224,1.4228
2011-05-12 20:00:00,1.4229,1.4231,1.4183,1.4197
2011-05-13 00:00:00,1.4198,1.4314,1.4192,1.4302
2011-05-13 04:00:00,1.4301,1.4338,1.4269999999999998,1.4287
2011-05-13 08:00:00,1.4288,1.4305,1.4136,1.4139
2011-05-13 12:00:00,1.4138,1.4147,1.4066,1.4105
2011-05-13 16:00:00,1.4104,1.4117,1.4092,1.4117
2011-05-15 16:00:00,1.409,1.4093,1.4062,1.4064
2011-05-15 20:00:00,1.4065,1.4106,1.4047,1.4085
2011-05-16 00:00:00,1.4086,1.4148,1.4079,1.4142
2011-05-16 04:00:00,1.4141,1.4145,1.4091,1.4125
2011-05-16 08:00:00,1.4124,1.4243,1.4115,1.4217
2011-05-16 12:00:00,1.4216,1.4241,1.4167,1.4180000000000001
2011-05-16 16:00:00,1.4181,1.4181,1.4141,1.4144
2011-05-16 20:00:00,1.4145,1.4174,1.4128,1.4164
2011-05-17 00:00:00,1.4163,1.4192,1.4148,1.4161
2011-05-17 04:00:00,1.4162,1.4223,1.4134,1.4167
2011-05-17 08:00:00,1.4168,1.4193,1.412,1.4153
2011-05-17 12:00:00,1.4154,1.4235,1.4142,1.4221
2011-05-17 16:00:00,1.4222,1.4275,1.4218,1.4265
2011-05-17 20:00:00,1.4266,1.4286,1.4240000000000002,1.4275
2011-05-18 00:00:00,1.4276,1.4284,1.4247,1.4254
2011-05-18 04:00:00,1.4255,1.4273,1.4223,1.4235
2011-05-18 08:00:00,1.4234,1.4277,1.4194,1.4268
2011-05-18 12:00:00,1.4269,1.4282,1.4211,1.4238
2011-05-18 16:00:00,1.4237,1.4269,1.4233,1.4257
2011-05-18 20:00:00,1.4258,1.4305,1.4256,1.4287
2011-05-19 00:00:00,1.4286,1.4302,1.4216,1.4234
2011-05-19 04:00:00,1.4235,1.4295,1.4205,1.4244
2011-05-19 08:00:00,1.4245,1.4287,1.4219,1.4251
2011-05-19 12:00:00,1.4252,1.4324,1.4251,1.4309
2011-05-19 16:00:00,1.431,1.4336,1.4303,1.4325
2011-05-19 20:00:00,1.4324,1.4324,1.4293,1.431
2011-05-20 00:00:00,1.4311,1.4342,1.43,1.4337
2011-05-20 04:00:00,1.4338,1.4344,1.421,1.4225
2011-05-20 08:00:00,1.4224,1.4259,1.4138,1.4169999999999998
2011-05-20 12:00:00,1.4171,1.4232,1.4149,1.4155
2011-05-20 16:00:00,1.4156,1.4165,1.4132,1.416
2011-05-22 16:00:00,1.4125,1.4146,1.4094,1.4116
2011-05-22 20:00:00,1.4115,1.4134,1.4077,1.4083
2011-05-23 00:00:00,1.4084,1.4088,1.3995,1.401
2011-05-23 04:00:00,1.4011,1.4038,1.3968,1.4034
2011-05-23 08:00:00,1.4033,1.4049,1.3985,1.4013
2011-05-23 12:00:00,1.4014,1.4068,1.3996,1.4047
2011-05-23 16:00:00,1.4048,1.4055,1.4001,1.4013
2011-05-23 20:00:00,1.4014,1.4067,1.4013,1.4056
2011-05-24 00:00:00,1.4057,1.4086,1.4036,1.4055
2011-05-24 04:00:00,1.4054,1.4116,1.4054,1.4081
2011-05-24 08:00:00,1.4080000000000001,1.4132,1.4077,1.4105
2011-05-24 12:00:00,1.4106,1.4126,1.4081,1.4107
2011-05-24 16:00:00,1.4108,1.4108,1.4087,1.4091
2011-05-24 20:00:00,1.409,1.4099,1.4033,1.4057
2011-05-25 00:00:00,1.4058,1.4058,1.4012,1.4035
2011-05-25 04:00:00,1.4036,1.4091,1.4023,1.4080000000000001
2011-05-25 08:00:00,1.4081,1.4117,1.4026,1.4101
2011-05-25 12:00:00,1.4102,1.4112,1.4064,1.4082
2011-05-25 16:00:00,1.4081,1.4092,1.4067,1.4068
2011-05-25 20:00:00,1.4067,1.4172,1.4067,1.4142
2011-05-26 00:00:00,1.4143,1.4195,1.4142,1.4176
2011-05-26 04:00:00,1.4177,1.4186,1.4146,1.4181
2011-05-26 08:00:00,1.4182,1.4206,1.4068,1.4086
2011-05-26 12:00:00,1.4087,1.4145,1.4082,1.4135
2011-05-26 16:00:00,1.4134,1.4147,1.4125,1.4143
2011-05-26 20:00:00,1.4144,1.4277,1.4129,1.4261
2011-05-27 00:00:00,1.4262,1.4274,1.4231,1.425
2011-05-27 04:00:00,1.4251,1.4259,1.4182,1.4235
2011-05-27 08:00:00,1.4234,1.4302,1.4216,1.4285
2011-05-27 12:00:00,1.4284,1.4299,1.4265,1.4284
2011-05-27 16:00:00,1.4285,1.4323,1.4280000000000002,1.4318
2011-05-29 16:00:00,1.4322,1.4322,1.4278,1.4288
2011-05-29 20:00:00,1.4289,1.4305,1.4278,1.4288
2011-05-30 00:00:00,1.4287,1.4288,1.4256,1.4274
2011-05-30 04:00:00,1.4273,1.4292,1.4272,1.4289
2011-05-30 08:00:00,1.429,1.429,1.4261,1.4267
2011-05-30 12:00:00,1.4268,1.4284,1.4267,1.4281
2011-05-30 16:00:00,1.4282,1.4351,1.4274,1.4332
2011-05-30 20:00:00,1.4333,1.4405,1.4325,1.4374
2011-05-31 00:00:00,1.4375,1.4413,1.4366,1.4409999999999998
2011-05-31 04:00:00,1.4411,1.4423,1.4378,1.4382
2011-05-31 08:00:00,1.4383,1.4414,1.4368,1.4374
2011-05-31 12:00:00,1.4373,1.4395,1.4361,1.439
2011-05-31 16:00:00,1.4389,1.4436,1.4385,1.4423
2011-05-31 20:00:00,1.4424,1.443,1.4401,1.4421
2011-06-01 00:00:00,1.442,1.4447,1.4389,1.4418
2011-06-01 04:00:00,1.4417,1.4432,1.4383,1.4411
2011-06-01 08:00:00,1.4412,1.4458,1.4393,1.4429
2011-06-01 12:00:00,1.4428,1.444,1.4323,1.4339
2011-06-01 16:00:00,1.4338,1.4353,1.4307,1.4344
2011-06-01 20:00:00,1.4343,1.4364,1.4325,1.4356
2011-06-02 00:00:00,1.4355,1.439,1.4348,1.439
2011-06-02 04:00:00,1.4391,1.4485,1.4381,1.4456
2011-06-02 08:00:00,1.4457,1.4472,1.4401,1.4423
2011-06-02 12:00:00,1.4424,1.4513,1.4421,1.4489
2011-06-02 16:00:00,1.4488,1.4496,1.4478,1.4486
2011-06-02 20:00:00,1.4487,1.4517,1.4478,1.4486
2011-06-03 00:00:00,1.4485,1.4488,1.4459,1.4479
2011-06-03 04:00:00,1.4480000000000002,1.4502,1.4471,1.4499
2011-06-03 08:00:00,1.4498,1.4603,1.445,1.4602
2011-06-03 12:00:00,1.4603,1.4642,1.4593,1.4633
2011-06-03 16:00:00,1.4632,1.4641,1.4629,1.4635
2011-06-05 16:00:00,1.4609999999999999,1.4656,1.4609999999999999,1.4652
2011-06-05 20:00:00,1.4653,1.4655,1.4622,1.4636
2011-06-06 00:00:00,1.4635,1.4657,1.4616,1.462
2011-06-06 04:00:00,1.4619,1.4652,1.4595,1.4595
2011-06-06 08:00:00,1.4596,1.4628,1.4592,1.4618
2011-06-06 12:00:00,1.4617,1.4617,1.4556,1.4563
2011-06-06 16:00:00,1.4564,1.4601,1.4562,1.459
2011-06-06 20:00:00,1.4589,1.46,1.4563,1.4598
2011-06-07 00:00:00,1.4599,1.4664,1.4594,1.4658
2011-06-07 04:00:00,1.4659,1.4681,1.4642,1.4662
2011-06-07 08:00:00,1.4661,1.4691,1.4647,1.4673
2011-06-07 12:00:00,1.4674,1.4695,1.4669999999999999,1.4680000000000002
2011-06-07 16:00:00,1.4679,1.4694,1.4673,1.4678
2011-06-07 20:00:00,1.4679,1.4688,1.4642,1.4653
2011-06-08 00:00:00,1.4654,1.4688,1.4652,1.4663
2011-06-08 04:00:00,1.4664,1.4676,1.4614,1.4625
2011-06-08 08:00:00,1.4626,1.4638,1.4567,1.4586
2011-06-08 12:00:00,1.4587,1.4615,1.4566,1.4569
2011-06-08 16:00:00,1.4569999999999999,1.4602,1.4563,1.4591
2011-06-08 20:00:00,1.4592,1.4631,1.4586,1.4618
2011-06-09 00:00:00,1.4617,1.4645,1.4604,1.4628
2011-06-09 04:00:00,1.4627,1.4635,1.4587,1.4617
2011-06-09 08:00:00,1.4616,1.4631,1.4476,1.4532
2011-06-09 12:00:00,1.4531,1.4538,1.45,1.4509
2011-06-09 16:00:00,1.4509999999999998,1.4539,1.4503,1.4536
2011-06-09 20:00:00,1.4537,1.455,1.4511,1.4513
2011-06-10 00:00:00,1.4514,1.4516,1.4444,1.4457
2011-06-10 04:00:00,1.4456,1.4494,1.4441,1.4474
2011-06-10 08:00:00,1.4475,1.4487,1.4352,1.4363
2011-06-10 12:00:00,1.4364,1.4375,1.4321,1.4333
2011-06-10 16:00:00,1.4334,1.4351,1.433,1.4346
2011-06-12 16:00:00,1.4325,1.4341,1.432,1.4335
2011-06-12 20:00:00,1.4334,1.4356,1.4321,1.4336
2011-06-13 00:00:00,1.4337,1.4368,1.4324,1.4364
2011-06-13 04:00:00,1.4365,1.4391,1.4325,1.4372
2011-06-13 08:00:00,1.4373,1.4403,1.4353,1.4366
2011-06-13 12:00:00,1.4367,1.4429,1.4345,1.4413
2011-06-13 16:00:00,1.4412,1.4429,1.4404,1.4414
2011-06-13 20:00:00,1.4415,1.444,1.4378,1.4424
2011-06-14 00:00:00,1.4425,1.4471,1.4414,1.4455
2011-06-14 04:00:00,1.4456,1.4467,1.4423,1.4444
2011-06-14 08:00:00,1.4445,1.4486,1.4413,1.4471
2011-06-14 12:00:00,1.4472,1.4496,1.4445,1.4449
2011-06-14 16:00:00,1.4448,1.4455,1.4425,1.4432
2011-06-14 20:00:00,1.4431,1.4437,1.4403,1.4409
2011-06-15 00:00:00,1.4408,1.4429,1.4352,1.4369999999999998
2011-06-15 04:00:00,1.4369,1.4376,1.4292,1.4294
2011-06-15 08:00:00,1.4293,1.4306,1.4204,1.4219
2011-06-15 12:00:00,1.4218,1.423,1.4155,1.4171
2011-06-15 16:00:00,1.4169999999999998,1.4202,1.4157,1.4191
2011-06-15 20:00:00,1.419,1.4199,1.4177,1.4193
2011-06-16 00:00:00,1.4194,1.4197,1.4089,1.4137
2011-06-16 04:00:00,1.4136,1.4158,1.4072,1.4094
2011-06-16 08:00:00,1.4095,1.4177,1.4074,1.4153
2011-06-16 12:00:00,1.4152,1.4196,1.4134,1.4183
2011-06-16 16:00:00,1.4182,1.422,1.4178,1.42
2011-06-16 20:00:00,1.4199,1.4221,1.4165,1.4168
2011-06-17 00:00:00,1.4169,1.4176,1.4126,1.4139
2011-06-17 04:00:00,1.4138,1.4299,1.4135,1.4297
2011-06-17 08:00:00,1.4296,1.4338,1.425,1.4324
2011-06-17 12:00:00,1.4323,1.4331,1.4276,1.4306
2011-06-17 16:00:00,1.4305,1.4312,1.4297,1.4312
2011-06-19 16:00:00,1.4280000000000002,1.4298,1.4255,1.4257
2011-06-19 20:00:00,1.4256,1.429,1.4251,1.4253
2011-06-20 00:00:00,1.4252,1.426,1.419,1.4207
2011-06-20 04:00:00,1.4206,1.4252,1.4193,1.4221
2011-06-20 08:00:00,1.4222,1.4327,1.4219,1.4318
2011-06-20 12:00:00,1.4317,1.432,1.429,1.4299
2011-06-20 16:00:00,1.4298,1.4383,1.4297,1.4361
2011-06-20 20:00:00,1.436,1.4363,1.4305,1.433
2011-06-21 00:00:00,1.4329,1.4376,1.4323,1.4364
2011-06-21 04:00:00,1.4363,1.4380000000000002,1.4314,1.4366
2011-06-21 08:00:00,1.4365,1.4403,1.4359,1.4398
2011-06-21 12:00:00,1.4399,1.4421,1.4383,1.4404
2011-06-21 16:00:00,1.4403,1.4432,1.4357,1.4376
2011-06-21 20:00:00,1.4375,1.439,1.4345,1.4367
2011-06-22 00:00:00,1.4366,1.4418,1.436,1.44
2011-06-22 04:00:00,1.4401,1.4413,1.4352,1.4398
2011-06-22 08:00:00,1.4399,1.4441,1.4366,1.4401
2011-06-22 12:00:00,1.4402,1.4428,1.4343,1.4355
2011-06-22 16:00:00,1.4354,1.4357,1.4309,1.4329
2011-06-22 20:00:00,1.433,1.4332,1.4285,1.4302
2011-06-23 00:00:00,1.4301,1.4313,1.4249,1.4264
2011-06-23 04:00:00,1.4265,1.4281,1.421,1.4222
2011-06-23 08:00:00,1.4223,1.4223,1.4125,1.4164
2011-06-23 12:00:00,1.4165,1.4263,1.4158,1.4258
2011-06-23 16:00:00,1.4257,1.4276,1.4248,1.4261
2011-06-23 20:00:00,1.426,1.4272,1.4232,1.4257
2011-06-24 00:00:00,1.4258,1.4271,1.4196,1.4207
2011-06-24 04:00:00,1.421,1.4305,1.419,1.4205
2011-06-24 08:00:00,1.4204,1.4248,1.4159,1.4187
2011-06-24 12:00:00,1.4188,1.4197,1.4141,1.4180000000000001
2011-06-24 16:00:00,1.4179,1.4192,1.4172,1.4188
2011-06-26 16:00:00,1.4192,1.4197,1.4145,1.4153
2011-06-26 20:00:00,1.4154,1.4154,1.4102,1.4126
2011-06-27 00:00:00,1.4128,1.4171,1.4112,1.4133
2011-06-27 04:00:00,1.4134,1.4236,1.4125,1.4195
2011-06-27 08:00:00,1.4196,1.4293,1.4167,1.4280000000000002
2011-06-27 12:00:00,1.4281,1.4284,1.4254,1.4279
2011-06-27 16:00:00,1.4278,1.4329,1.4274,1.431
2011-06-27 20:00:00,1.4309,1.432,1.4286,1.4293
2011-06-28 00:00:00,1.4292,1.4322,1.4253,1.4317
2011-06-28 04:00:00,1.4316,1.4326,1.4236,1.4264
2011-06-28 08:00:00,1.4265,1.4396,1.4256,1.4367
2011-06-28 12:00:00,1.4366,1.4371,1.4340000000000002,1.4362
2011-06-28 16:00:00,1.4363,1.4375,1.4348,1.4356
2011-06-28 20:00:00,1.4357,1.4358,1.4337,1.435
2011-06-29 00:00:00,1.4349,1.4416,1.4348,1.4394
2011-06-29 04:00:00,1.4393,1.4447,1.4377,1.4409999999999998
2011-06-29 08:00:00,1.4411,1.4443,1.4345,1.4426
2011-06-29 12:00:00,1.4427,1.4442,1.4415,1.4429
2011-06-29 16:00:00,1.443,1.4484,1.4426,1.4463
2011-06-29 20:00:00,1.4464,1.4518,1.4457,1.4507
2011-06-30 00:00:00,1.4506,1.4521,1.4479,1.4488
2011-06-30 04:00:00,1.4487,1.4497,1.4453,1.446
2011-06-30 08:00:00,1.4459,1.453,1.4447,1.4522
2011-06-30 12:00:00,1.4523,1.4537,1.4498,1.45
2011-06-30 16:00:00,1.4501,1.4512,1.4466,1.4474
2011-06-30 20:00:00,1.4475,1.4498,1.4466,1.4492
2011-07-01 00:00:00,1.4491,1.4551,1.4489,1.4508
2011-07-01 04:00:00,1.4507,1.4538,1.4478,1.4485
2011-07-01 08:00:00,1.4486,1.4524,1.4435,1.4506
2011-07-01 12:00:00,1.4507,1.453,1.4498,1.4526
2011-07-01 16:00:00,1.4528,1.4532,1.4523,1.4525
2011-07-03 16:00:00,1.4534,1.4577,1.453,1.4563
2011-07-03 20:00:00,1.4562,1.4567,1.4532,1.456
2011-07-04 00:00:00,1.4561,1.4562,1.4509999999999998,1.4525
2011-07-04 04:00:00,1.4524,1.454,1.4494,1.4497
2011-07-04 08:00:00,1.4496,1.4523,1.4495,1.4519
2011-07-04 12:00:00,1.452,1.4548,1.4517,1.4531
2011-07-04 16:00:00,1.453,1.4552,1.4528,1.4541
2011-07-04 20:00:00,1.454,1.454,1.4469999999999998,1.4489
2011-07-05 00:00:00,1.4488,1.4488,1.4458,1.4478
2011-07-05 04:00:00,1.4477,1.4498,1.4462,1.4468
2011-07-05 08:00:00,1.4469,1.4493,1.4441,1.4468
2011-07-05 12:00:00,1.4467,1.4487,1.4396,1.4422
2011-07-05 16:00:00,1.4421,1.4435,1.4413,1.4433
2011-07-05 20:00:00,1.4434,1.4465,1.4422,1.4456
2011-07-06 00:00:00,1.4455,1.4465,1.4361,1.4375
2011-07-06 04:00:00,1.4374,1.4377,1.4314,1.4324
2011-07-06 08:00:00,1.4323,1.4338,1.4285,1.4328
2011-07-06 12:00:00,1.4327,1.4336,1.4289,1.4308
2011-07-06 16:00:00,1.4307,1.4336,1.4307,1.4334
2011-07-06 20:00:00,1.4335,1.4347,1.431,1.4324
2011-07-07 00:00:00,1.4325,1.4345,1.4275,1.4294
2011-07-07 04:00:00,1.4295,1.4324,1.4257,1.4257
2011-07-07 08:00:00,1.4256,1.4373,1.422,1.4348
2011-07-07 12:00:00,1.4349,1.4363,1.4336,1.4353
2011-07-07 16:00:00,1.4352,1.4368,1.4347,1.436
2011-07-07 20:00:00,1.4361,1.4367,1.4341,1.4348
2011-07-08 00:00:00,1.4349,1.4362,1.4308,1.4318
2011-07-08 04:00:00,1.4317,1.4323,1.4228,1.4246
2011-07-08 08:00:00,1.4245,1.435,1.4205,1.4249
2011-07-08 12:00:00,1.4248,1.4271,1.4229,1.4258
2011-07-08 16:00:00,1.4259,1.4280000000000002,1.4253,1.4264
2011-07-10 16:00:00,1.4206,1.4226,1.4197,1.4212
2011-07-10 20:00:00,1.4211,1.4227,1.4186,1.4193
2011-07-11 00:00:00,1.4194,1.4205,1.4132,1.4140000000000001
2011-07-11 04:00:00,1.4139,1.4158,1.4056,1.4059
2011-07-11 08:00:00,1.4058,1.4076,1.3985,1.4032
2011-07-11 12:00:00,1.4031,1.405,1.4007,1.4011
2011-07-11 16:00:00,1.4012,1.4061,1.401,1.4037
2011-07-11 20:00:00,1.4038,1.4043,1.3931,1.3962
2011-07-12 00:00:00,1.3961,1.3975,1.3836,1.3843
2011-07-12 04:00:00,1.3844,1.3986,1.3837,1.3983
2011-07-12 08:00:00,1.3984,1.4022,1.3949,1.4012
2011-07-12 12:00:00,1.4011,1.4053,1.3961,1.3971
2011-07-12 16:00:00,1.3972,1.3989,1.395,1.3988
2011-07-12 20:00:00,1.3989,1.4037,1.3961,1.4008
2011-07-13 00:00:00,1.4007,1.4066,1.3983,1.4047
2011-07-13 04:00:00,1.4046,1.411,1.4041,1.4075
2011-07-13 08:00:00,1.4076,1.4191,1.4035,1.4165
2011-07-13 12:00:00,1.4167,1.4181,1.413,1.4140000000000001
2011-07-13 16:00:00,1.4141,1.4282,1.4135,1.4269
2011-07-13 20:00:00,1.4269999999999998,1.4271,1.4205,1.4208
2011-07-14 00:00:00,1.4209,1.4222,1.4167,1.4201
2011-07-14 04:00:00,1.42,1.4258,1.4156,1.4197
2011-07-14 08:00:00,1.4198,1.4247,1.4142,1.4181
2011-07-14 12:00:00,1.4180000000000001,1.4195,1.4115,1.413
2011-07-14 16:00:00,1.4129,1.4198,1.4127,1.4161
2011-07-14 20:00:00,1.4162,1.4191,1.4148,1.4171
2011-07-15 00:00:00,1.4172,1.4177,1.4094,1.4112
2011-07-15 04:00:00,1.4111,1.4178,1.41,1.4155
2011-07-15 08:00:00,1.4156,1.4168,1.4091,1.4154
2011-07-15 12:00:00,1.4153,1.4188,1.4127,1.4146
2011-07-15 16:00:00,1.4147,1.416,1.4144,1.4155
2011-07-17 16:00:00,1.4106,1.4133,1.4106,1.4125
2011-07-17 20:00:00,1.4124,1.4124,1.4051,1.4069
2011-07-18 00:00:00,1.4069999999999998,1.4083,1.4013,1.4045
2011-07-18 04:00:00,1.4046,1.4071,1.4025,1.4059
2011-07-18 08:00:00,1.4058,1.4094,1.4018,1.4040000000000001
2011-07-18 12:00:00,1.4041,1.4119,1.4038,1.4111
2011-07-18 16:00:00,1.411,1.4135,1.4096,1.4125
2011-07-18 20:00:00,1.4126,1.4133,1.4103,1.4118
2011-07-19 00:00:00,1.4117,1.4162,1.4068,1.4144
2011-07-19 04:00:00,1.4145,1.4216,1.4141,1.4177
2011-07-19 08:00:00,1.4176,1.4212,1.4135,1.4154
2011-07-19 12:00:00,1.4155,1.4181,1.4107,1.4140000000000001
2011-07-19 16:00:00,1.4139,1.4176,1.4138,1.4169
2011-07-19 20:00:00,1.4169999999999998,1.4175,1.4142,1.4153
2011-07-20 00:00:00,1.4152,1.4193,1.4132,1.4173
2011-07-20 04:00:00,1.4175,1.4239,1.4165,1.421
2011-07-20 08:00:00,1.4211,1.4224,1.4167,1.4186
2011-07-20 12:00:00,1.4187,1.4233,1.4187,1.4224
2011-07-20 16:00:00,1.4223,1.4273,1.4206,1.426
2011-07-20 20:00:00,1.4261,1.4266,1.4237,1.4253
2011-07-21 00:00:00,1.4252,1.4294,1.4237,1.4240000000000002
2011-07-21 04:00:00,1.4241,1.4256,1.4138,1.4196
2011-07-21 08:00:00,1.4197,1.4401,1.4186,1.4369
2011-07-21 12:00:00,1.4369999999999998,1.4416,1.4363,1.4377
2011-07-21 16:00:00,1.4376,1.4437,1.4376,1.4407
2011-07-21 20:00:00,1.4408,1.4409,1.4381,1.4387
2011-07-22 00:00:00,1.4388,1.4436,1.4381,1.4394
2011-07-22 04:00:00,1.4393,1.4426,1.4375,1.4381
2011-07-22 08:00:00,1.4382,1.4391,1.4323,1.4364
2011-07-22 12:00:00,1.4365,1.4374,1.4345,1.4367
2011-07-22 16:00:00,1.4366,1.4367,1.4353,1.4358
2011-07-24 16:00:00,1.4388,1.4417,1.4365,1.4366
2011-07-24 20:00:00,1.4365,1.4402,1.4357,1.4379
2011-07-25 00:00:00,1.4378,1.4386,1.4328,1.4358
2011-07-25 04:00:00,1.4357,1.4406,1.4357,1.4373
2011-07-25 08:00:00,1.4374,1.4388,1.4324,1.4355
2011-07-25 12:00:00,1.4356,1.4393,1.4344,1.4369
2011-07-25 16:00:00,1.4369999999999998,1.4383,1.4364,1.4372
2011-07-25 20:00:00,1.4373,1.4485,1.4356,1.4477
2011-07-26 00:00:00,1.4478,1.4521,1.4467,1.45
2011-07-26 04:00:00,1.4499,1.4508,1.4461,1.4475
2011-07-26 08:00:00,1.4476,1.4505,1.4455,1.4493
2011-07-26 12:00:00,1.4494,1.4524,1.4491,1.4513
2011-07-26 16:00:00,1.4512,1.4516,1.4493,1.4507
2011-07-26 20:00:00,1.4506,1.4535,1.4491,1.4506
2011-07-27 00:00:00,1.4507,1.4529,1.4468,1.4479
2011-07-27 04:00:00,1.4478,1.4506,1.4442,1.4449
2011-07-27 08:00:00,1.445,1.4471,1.4357,1.4371
2011-07-27 12:00:00,1.4372,1.4375,1.4338,1.4372
2011-07-27 16:00:00,1.4373,1.4376,1.4355,1.436
2011-07-27 20:00:00,1.4361,1.4376,1.4329,1.436
2011-07-28 00:00:00,1.4359,1.4375,1.433,1.4373
2011-07-28 04:00:00,1.4374,1.44,1.4268,1.4280000000000002
2011-07-28 08:00:00,1.4281,1.4318,1.4253,1.4301
2011-07-28 12:00:00,1.4302,1.4327,1.4294,1.4305
2011-07-28 16:00:00,1.4306,1.4338,1.4305,1.4326
2011-07-28 20:00:00,1.4325,1.4362,1.4281,1.4339
2011-07-29 00:00:00,1.4340000000000002,1.4345,1.4256,1.4280000000000002
2011-07-29 04:00:00,1.4279,1.4298,1.4229,1.4266
2011-07-29 08:00:00,1.4267,1.4412,1.4241,1.4386
2011-07-29 12:00:00,1.4387,1.4406,1.436,1.4364
2011-07-29 16:00:00,1.4365,1.44,1.4364,1.4398
2011-07-31 16:00:00,1.4381,1.4383,1.4346,1.4353
2011-07-31 20:00:00,1.4354,1.4394,1.4345,1.4385
2011-08-01 00:00:00,1.4384,1.4423,1.4379,1.4387
2011-08-01 04:00:00,1.4388,1.4453,1.4386,1.4425
2011-08-01 08:00:00,1.4424,1.4424,1.4184,1.4201
2011-08-01 12:00:00,1.4202,1.4272,1.4195,1.4256
2011-08-01 16:00:00,1.4255,1.4276,1.4238,1.4272
2011-08-01 20:00:00,1.4271,1.4281,1.4241,1.4248
2011-08-02 00:00:00,1.4247,1.4259,1.4157,1.4189
2011-08-02 04:00:00,1.419,1.422,1.4165,1.4182
2011-08-02 08:00:00,1.4183,1.4282,1.415,1.423
2011-08-02 12:00:00,1.4231,1.4233,1.4175,1.421
2011-08-02 16:00:00,1.4209,1.4211,1.4166,1.4183
2011-08-02 20:00:00,1.4184,1.4205,1.416,1.42
2011-08-03 00:00:00,1.4199,1.4261,1.4142,1.4240000000000002
2011-08-03 04:00:00,1.4239,1.4343,1.4234,1.4315
2011-08-03 08:00:00,1.4314,1.4342,1.4257,1.4318
2011-08-03 12:00:00,1.4319,1.4340000000000002,1.4299,1.4317
2011-08-03 16:00:00,1.4316,1.4371,1.4313,1.4348
2011-08-03 20:00:00,1.4349,1.4367,1.4283,1.4295
2011-08-04 00:00:00,1.4296,1.433,1.4256,1.426
2011-08-04 04:00:00,1.4259,1.4278,1.4206,1.4241
2011-08-04 08:00:00,1.4242,1.425,1.411,1.4157
2011-08-04 12:00:00,1.4156,1.4168,1.4115,1.412
2011-08-04 16:00:00,1.4121,1.4124,1.4054,1.4074
2011-08-04 20:00:00,1.4073,1.4126,1.4069,1.4092
2011-08-05 00:00:00,1.4093,1.4167,1.4072,1.416
2011-08-05 04:00:00,1.4161,1.4177,1.4123,1.4156
2011-08-05 08:00:00,1.4157,1.4231,1.4132,1.4155
2011-08-05 12:00:00,1.4156,1.4297,1.4148,1.4280000000000002
2011-08-05 16:00:00,1.4281,1.4293,1.4273,1.4281
2011-08-07 16:00:00,1.4423,1.4431,1.4288,1.4307
2011-08-07 20:00:00,1.4306,1.4377,1.429,1.4317
2011-08-08 00:00:00,1.4316,1.4401,1.43,1.4356
2011-08-08 04:00:00,1.4357,1.4357,1.4205,1.4221
2011-08-08 08:00:00,1.422,1.4242,1.4128,1.4239
2011-08-08 12:00:00,1.4238,1.4249,1.4168,1.4209
2011-08-08 16:00:00,1.4208,1.4212,1.4157,1.4175
2011-08-08 20:00:00,1.4174,1.4242,1.4151,1.4223
2011-08-09 00:00:00,1.4222,1.4282,1.4199,1.4205
2011-08-09 04:00:00,1.4206,1.4287,1.4183,1.4262
2011-08-09 08:00:00,1.4261,1.4282,1.4203,1.4241
2011-08-09 12:00:00,1.4242,1.4346,1.4195,1.4333
2011-08-09 16:00:00,1.4334,1.4397,1.433,1.4353
2011-08-09 20:00:00,1.4354,1.4375,1.4335,1.4349
2011-08-10 00:00:00,1.4348,1.4383,1.431,1.4377
2011-08-10 04:00:00,1.4378,1.44,1.4340000000000002,1.4354
2011-08-10 08:00:00,1.4353,1.4369,1.4161,1.4191
2011-08-10 12:00:00,1.419,1.4237,1.4166,1.4181
2011-08-10 16:00:00,1.4180000000000001,1.4194,1.4122,1.4136
2011-08-10 20:00:00,1.4137,1.4241,1.4137,1.4217
2011-08-11 00:00:00,1.4216,1.4273,1.4205,1.4249
2011-08-11 04:00:00,1.4248,1.4274,1.413,1.4148
2011-08-11 08:00:00,1.4149,1.4293,1.4103,1.4227
2011-08-11 12:00:00,1.4226,1.4249,1.4181,1.4228
2011-08-11 16:00:00,1.4229,1.4258,1.4209,1.4214
2011-08-11 20:00:00,1.4213,1.4215,1.4176,1.4183
2011-08-12 00:00:00,1.4182,1.4218,1.4149,1.4201
2011-08-12 04:00:00,1.42,1.4273,1.4196,1.4267
2011-08-12 08:00:00,1.4266,1.429,1.421,1.4237
2011-08-12 12:00:00,1.4238,1.4257,1.4224,1.4249
2011-08-12 16:00:00,1.4248,1.4258,1.4244,1.4246
2011-08-14 16:00:00,1.4268,1.4283,1.4251,1.4283
2011-08-14 20:00:00,1.4282,1.4317,1.4282,1.4289
2011-08-15 00:00:00,1.429,1.4328,1.4283,1.4308
2011-08-15 04:00:00,1.4309,1.4322,1.4263,1.4315
2011-08-15 08:00:00,1.4314,1.4476,1.4307,1.445
2011-08-15 12:00:00,1.4449,1.4458,1.4431,1.444
2011-08-15 16:00:00,1.4439,1.4455,1.4431,1.4437
2011-08-15 20:00:00,1.4436,1.4445,1.4421,1.4428
2011-08-16 00:00:00,1.4427,1.4431,1.4364,1.4396
2011-08-16 04:00:00,1.4397,1.4404,1.4353,1.4365
2011-08-16 08:00:00,1.4364,1.4426,1.4358,1.4419
2011-08-16 12:00:00,1.4418,1.4471,1.4375,1.4408
2011-08-16 16:00:00,1.4407,1.4411,1.4378,1.4380000000000002
2011-08-16 20:00:00,1.4381,1.4393,1.4351,1.4387
2011-08-17 00:00:00,1.4386,1.4416,1.4324,1.439
2011-08-17 04:00:00,1.4389,1.449,1.4375,1.4488
2011-08-17 08:00:00,1.4489,1.4516,1.4421,1.4433
2011-08-17 12:00:00,1.4434,1.4456,1.4423,1.4434
2011-08-17 16:00:00,1.4435,1.4442,1.4422,1.4427
2011-08-17 20:00:00,1.4428,1.4429,1.4389,1.4406
2011-08-18 00:00:00,1.4405,1.4421,1.4380000000000002,1.4409
2011-08-18 04:00:00,1.4405,1.4451,1.435,1.4369
2011-08-18 08:00:00,1.4368,1.4387,1.4269999999999998,1.4318
2011-08-18 12:00:00,1.4319,1.4340000000000002,1.4295,1.4336
2011-08-18 16:00:00,1.4337,1.4346,1.4292,1.4295
2011-08-18 20:00:00,1.4296,1.4338,1.4293,1.4315
2011-08-19 00:00:00,1.4316,1.4327,1.4258,1.4280000000000002
2011-08-19 04:00:00,1.4281,1.4380000000000002,1.4274,1.4376
2011-08-19 08:00:00,1.4375,1.4451,1.4375,1.4406
2011-08-19 12:00:00,1.4405,1.4414,1.4380000000000002,1.4394
2011-08-19 16:00:00,1.4395,1.4404,1.4383,1.4396
2011-08-21 16:00:00,1.4379,1.4385,1.436,1.4365
2011-08-21 20:00:00,1.4366,1.4391,1.4361,1.4366
2011-08-22 00:00:00,1.4367,1.4409,1.4346,1.4408
2011-08-22 04:00:00,1.4409,1.4433,1.4393,1.4419
2011-08-22 08:00:00,1.442,1.4431,1.4365,1.4382
2011-08-22 12:00:00,1.4381,1.4389,1.4361,1.4362
2011-08-22 16:00:00,1.4361,1.4368,1.4353,1.4356
2011-08-22 20:00:00,1.4357,1.4391,1.4356,1.4374
2011-08-23 00:00:00,1.4375,1.4467,1.4363,1.4465
2011-08-23 04:00:00,1.4464,1.4499,1.4438,1.4463
2011-08-23 08:00:00,1.4464,1.4469,1.4375,1.4429
2011-08-23 12:00:00,1.443,1.4446,1.4406,1.444
2011-08-23 16:00:00,1.4441,1.4444,1.4424,1.4437
2011-08-23 20:00:00,1.4438,1.4441,1.4386,1.4405
2011-08-24 00:00:00,1.4406,1.4436,1.4392,1.4396
2011-08-24 04:00:00,1.4393,1.4474,1.4379,1.4434
2011-08-24 08:00:00,1.4433,1.4481,1.4388,1.4399
2011-08-24 12:00:00,1.4398,1.4427,1.439,1.4419
2011-08-24 16:00:00,1.442,1.4421,1.4403,1.4407
2011-08-24 20:00:00,1.4406,1.4415,1.4388,1.4406
2011-08-25 00:00:00,1.4407,1.4468,1.4398,1.4454
2011-08-25 04:00:00,1.4455,1.4474,1.4406,1.4441
2011-08-25 08:00:00,1.4442,1.4456,1.4327,1.4378
2011-08-25 12:00:00,1.4379,1.4388,1.436,1.4385
2011-08-25 16:00:00,1.4386,1.4387,1.4368,1.4387
2011-08-25 20:00:00,1.4388,1.4416,1.4382,1.4407
2011-08-26 00:00:00,1.4406,1.4449,1.4405,1.443
2011-08-26 04:00:00,1.4429,1.4451,1.4401,1.4408
2011-08-26 08:00:00,1.4407,1.4476,1.4328,1.4461
2011-08-26 12:00:00,1.4462,1.4501,1.4457,1.4494
2011-08-26 16:00:00,1.4495,1.4498,1.4487,1.4498
2011-08-28 16:00:00,1.4499,1.4503,1.4477,1.4480000000000002
2011-08-28 20:00:00,1.4479,1.4492,1.4465,1.4485
2011-08-29 00:00:00,1.4484,1.4548,1.4483,1.4528
2011-08-29 04:00:00,1.4529,1.453,1.4487,1.4497
2011-08-29 08:00:00,1.4496,1.4546,1.4484,1.4508
2011-08-29 12:00:00,1.4509,1.4515,1.449,1.4508
2011-08-29 16:00:00,1.4509,1.4525,1.4504,1.4515
2011-08-29 20:00:00,1.4516,1.4525,1.4507,1.4516
2011-08-30 00:00:00,1.4515,1.4532,1.4471,1.4481
2011-08-30 04:00:00,1.4480000000000002,1.4483,1.4384,1.4411
2011-08-30 08:00:00,1.4409999999999998,1.4451,1.4398,1.4433
2011-08-30 12:00:00,1.4434,1.4464,1.4412,1.4452
2011-08-30 16:00:00,1.4453,1.4453,1.443,1.4438
2011-08-30 20:00:00,1.4439,1.4443,1.4416,1.4435
2011-08-31 00:00:00,1.4436,1.4468,1.4417,1.4463
2011-08-31 04:00:00,1.4462,1.4464,1.4426,1.4449
2011-08-31 08:00:00,1.4448,1.4455,1.4394,1.4404
2011-08-31 12:00:00,1.4403,1.4415,1.4358,1.4364
2011-08-31 16:00:00,1.4363,1.4385,1.4357,1.4363
2011-08-31 20:00:00,1.4364,1.4377,1.4353,1.4365
2011-09-01 00:00:00,1.4366,1.4376,1.4289,1.4301
2011-09-01 04:00:00,1.4302,1.4311,1.4262,1.4267
2011-09-01 08:00:00,1.4268,1.4313,1.4225,1.4281
2011-09-01 12:00:00,1.4282,1.4297,1.426,1.4269
2011-09-01 16:00:00,1.4268,1.4272,1.4255,1.4267
2011-09-01 20:00:00,1.4265,1.4287,1.4253,1.4258
2011-09-02 00:00:00,1.4259,1.4271,1.4208,1.4232
2011-09-02 04:00:00,1.4231,1.4264,1.4223,1.4251
2011-09-02 08:00:00,1.4252,1.4286,1.4185,1.4201
2011-09-02 12:00:00,1.4202,1.4211,1.4183,1.4194
2011-09-02 16:00:00,1.4193,1.4212,1.4189,1.4204
2011-09-04 16:00:00,1.4162,1.4173,1.4135,1.4147
2011-09-04 20:00:00,1.4148,1.4172,1.4141,1.4167
2011-09-05 00:00:00,1.4168,1.4169,1.4112,1.4142
2011-09-05 04:00:00,1.4141,1.4161,1.4107,1.412
2011-09-05 08:00:00,1.4119,1.4129,1.4059,1.4102
2011-09-05 12:00:00,1.4103,1.4115,1.4077,1.4092
2011-09-05 16:00:00,1.4093,1.4097,1.4058,1.4068
2011-09-05 20:00:00,1.4069,1.4082,1.4062,1.4078
2011-09-06 00:00:00,1.4077,1.4114,1.4038,1.4111
2011-09-06 04:00:00,1.411,1.4248,1.4107,1.411
2011-09-06 08:00:00,1.4111,1.4117,1.3973,1.3997
2011-09-06 12:00:00,1.3998,1.4017,1.3974,1.4002
2011-09-06 16:00:00,1.4001,1.4009,1.3986,1.4008
2011-09-06 20:00:00,1.4007,1.4062,1.4005,1.405
2011-09-07 00:00:00,1.4049,1.4086,1.4036,1.4082
2011-09-07 04:00:00,1.4083,1.4148,1.4024,1.4044
2011-09-07 08:00:00,1.4045,1.4088,1.4011,1.4056
2011-09-07 12:00:00,1.4057,1.4103,1.4042,1.4103
2011-09-07 16:00:00,1.4102,1.4108,1.4076,1.4080000000000001
2011-09-07 20:00:00,1.4079,1.4079,1.405,1.4054
2011-09-08 00:00:00,1.4053,1.4088,1.4053,1.4061
2011-09-08 04:00:00,1.406,1.4082,1.4028,1.4039
2011-09-08 08:00:00,1.4038,1.4061,1.3939,1.3946
2011-09-08 12:00:00,1.3945,1.3955,1.3875,1.3888
2011-09-08 16:00:00,1.3887,1.3917,1.3872,1.3888
2011-09-08 20:00:00,1.3889,1.3936,1.3889,1.3924
2011-09-09 00:00:00,1.3923,1.3923,1.3861,1.3881
2011-09-09 04:00:00,1.3880000000000001,1.3882,1.3788,1.3813
2011-09-09 08:00:00,1.3812,1.3838,1.3642,1.3665
2011-09-09 12:00:00,1.3664,1.3722,1.3626,1.3659999999999999
2011-09-09 16:00:00,1.3661,1.3665,1.3645,1.3655
2011-09-11 16:00:00,1.3586,1.3621,1.3554,1.3582
2011-09-11 20:00:00,1.3581,1.3618,1.3575,1.3582
2011-09-12 00:00:00,1.3581,1.3587,1.3501,1.3559999999999999
2011-09-12 04:00:00,1.3561,1.3656,1.3558,1.3627
2011-09-12 08:00:00,1.3628,1.3693,1.3605,1.3633
2011-09-12 12:00:00,1.3632,1.3668,1.3555,1.3662
2011-09-12 16:00:00,1.3663,1.3683,1.3637,1.3637
2011-09-12 20:00:00,1.3636,1.3688,1.3619999999999999,1.3685
2011-09-13 00:00:00,1.3686,1.3694,1.3577,1.3584
2011-09-13 04:00:00,1.3583,1.371,1.3557,1.3663
2011-09-13 08:00:00,1.3664,1.3725,1.3623,1.3678
2011-09-13 12:00:00,1.3677,1.3738,1.3671,1.3692
2011-09-13 16:00:00,1.3691,1.3692,1.3668,1.3681
2011-09-13 20:00:00,1.368,1.3705,1.3621,1.3634
2011-09-14 00:00:00,1.3635,1.3673,1.359,1.3656
2011-09-14 04:00:00,1.3655,1.3741,1.3634,1.3731
2011-09-14 08:00:00,1.3730000000000002,1.3747,1.3635,1.3709
2011-09-14 12:00:00,1.371,1.3782,1.37,1.3751
2011-09-14 16:00:00,1.375,1.3756,1.3734,1.3747
2011-09-14 20:00:00,1.3748,1.3753,1.3702,1.3723
2011-09-15 00:00:00,1.3722,1.3774,1.3706,1.3767
2011-09-15 04:00:00,1.3766,1.3824,1.3752,1.3796
2011-09-15 08:00:00,1.3795,1.3935,1.3769999999999998,1.3856
2011-09-15 12:00:00,1.3857,1.3895,1.3854,1.3884
2011-09-15 16:00:00,1.3885,1.3893,1.3864,1.3879
2011-09-15 20:00:00,1.3880000000000001,1.3881,1.3835,1.3861
2011-09-16 00:00:00,1.3862,1.3875,1.3783,1.3794
2011-09-16 04:00:00,1.3793,1.3825,1.3776,1.3797
2011-09-16 08:00:00,1.3798,1.3844,1.3753,1.3781
2011-09-16 12:00:00,1.3782,1.38,1.3774,1.3794
2011-09-16 16:00:00,1.3793,1.38,1.3780000000000001,1.3795
2011-09-18 16:00:00,1.3692,1.3714,1.3663,1.368
2011-09-18 20:00:00,1.3681,1.3699,1.3646,1.3666
2011-09-19 00:00:00,1.3665,1.3706,1.3644,1.3684
2011-09-19 04:00:00,1.3683,1.3699,1.3633,1.3652
2011-09-19 08:00:00,1.3651,1.3657,1.3585,1.3634
2011-09-19 12:00:00,1.3635,1.3719999999999999,1.3626,1.3687
2011-09-19 16:00:00,1.3686,1.3696,1.3598,1.3621
2011-09-19 20:00:00,1.3622,1.3647,1.3592,1.3607
2011-09-20 00:00:00,1.3608,1.3677,1.3597,1.3669
2011-09-20 04:00:00,1.3667,1.3718,1.3648,1.3698
2011-09-20 08:00:00,1.3699,1.3743,1.3645,1.3695
2011-09-20 12:00:00,1.3696,1.3696,1.3659,1.3669
2011-09-20 16:00:00,1.367,1.3709,1.3666,1.3705
2011-09-20 20:00:00,1.3704,1.3722,1.3697,1.3717
2011-09-21 00:00:00,1.3718,1.3721,1.3659999999999999,1.3672
2011-09-21 04:00:00,1.3671,1.3695,1.3636,1.3646
2011-09-21 08:00:00,1.3645,1.3730000000000002,1.3628,1.3721
2011-09-21 12:00:00,1.3722,1.3787,1.3587,1.3594
2011-09-21 16:00:00,1.3593,1.361,1.3556,1.3576
2011-09-21 20:00:00,1.3577,1.3589,1.3531,1.3542
2011-09-22 00:00:00,1.3541,1.3572,1.3514,1.3523
2011-09-22 04:00:00,1.3524,1.3537,1.3419999999999999,1.347
2011-09-22 08:00:00,1.3471,1.3482,1.3385,1.3444
2011-09-22 12:00:00,1.3443,1.3528,1.3429,1.3474
2011-09-22 16:00:00,1.3473,1.3514,1.3453,1.3504
2011-09-22 20:00:00,1.3503,1.3566,1.3503,1.3530000000000002
2011-09-23 00:00:00,1.3531,1.3545,1.3471,1.3516
2011-09-23 04:00:00,1.3517,1.3558,1.3425,1.3435
2011-09-23 08:00:00,1.3436,1.3544,1.3418,1.3516
2011-09-23 12:00:00,1.3517,1.3522,1.3457,1.3522
2011-09-23 16:00:00,1.3523,1.3523,1.3496,1.35
2011-09-25 16:00:00,1.3521,1.3549,1.3487,1.3515
2011-09-25 20:00:00,1.3516,1.3519999999999999,1.339,1.3398
2011-09-26 00:00:00,1.34,1.3437,1.3361,1.3422
2011-09-26 04:00:00,1.3421,1.3541,1.3413,1.3508
2011-09-26 08:00:00,1.3507,1.3529,1.3415,1.3515
2011-09-26 12:00:00,1.3514,1.3517,1.3425,1.351
2011-09-26 16:00:00,1.3509,1.3546,1.3493,1.3494
2011-09-26 20:00:00,1.3495,1.3566,1.3478,1.3528
2011-09-27 00:00:00,1.3529,1.3569,1.3484,1.351
2011-09-27 04:00:00,1.3511,1.3603,1.348,1.3591
2011-09-27 08:00:00,1.3592,1.3655,1.3558,1.3604
2011-09-27 12:00:00,1.3603,1.3667,1.3583,1.3594
2011-09-27 16:00:00,1.3593,1.3605,1.3574,1.3584
2011-09-27 20:00:00,1.3583,1.3594,1.354,1.3559
2011-09-28 00:00:00,1.3558,1.3638,1.3551,1.3638
2011-09-28 04:00:00,1.3637,1.3689,1.3595,1.3636
2011-09-28 08:00:00,1.3635,1.3651,1.3586,1.3626
2011-09-28 12:00:00,1.3627,1.3632,1.3532,1.3546
2011-09-28 16:00:00,1.3547,1.3568,1.3519,1.3522
2011-09-28 20:00:00,1.3523,1.3613,1.3519,1.3611
2011-09-29 00:00:00,1.3612,1.3664,1.3599,1.3658
2011-09-29 04:00:00,1.3659,1.3678,1.3605,1.361
2011-09-29 08:00:00,1.3611,1.3664,1.3605,1.3638
2011-09-29 12:00:00,1.3637,1.3639,1.3551,1.359
2011-09-29 16:00:00,1.3589,1.3598,1.3575,1.3595
2011-09-29 20:00:00,1.3594,1.3601,1.3522,1.3525
2011-09-30 00:00:00,1.3526,1.3563,1.3487,1.3526
2011-09-30 04:00:00,1.3527,1.3546,1.3475,1.3495
2011-09-30 08:00:00,1.3496,1.351,1.3414,1.3448
2011-09-30 12:00:00,1.3449,1.3459999999999999,1.3395,1.3395
2011-09-30 16:00:00,1.3396,1.3397,1.3383,1.3387
2011-10-02 16:00:00,1.3344,1.3369,1.3331,1.3357
2011-10-02 20:00:00,1.3358,1.3369,1.3318,1.3325
2011-10-03 00:00:00,1.3324,1.3356,1.3313,1.3354
2011-10-03 04:00:00,1.3355,1.3381,1.3326,1.335
2011-10-03 08:00:00,1.3351,1.3358,1.3237,1.328
2011-10-03 12:00:00,1.3281,1.3285,1.3192,1.3202
2011-10-03 16:00:00,1.3203,1.3208,1.3163,1.319
2011-10-03 20:00:00,1.3189,1.3216,1.3179,1.3197
2011-10-04 00:00:00,1.3196,1.3226,1.3145,1.3156
2011-10-04 04:00:00,1.3157,1.3211,1.315,1.3177
2011-10-04 08:00:00,1.3178,1.33,1.3169,1.3293
2011-10-04 12:00:00,1.3292,1.3321,1.3232,1.3321
2011-10-04 16:00:00,1.3319999999999999,1.3369,1.3303,1.3317
2011-10-04 20:00:00,1.3318,1.3319,1.3259999999999998,1.3288
2011-10-05 00:00:00,1.3289,1.3336,1.3283,1.3296
2011-10-05 04:00:00,1.3297,1.3374,1.3281,1.3330000000000002
2011-10-05 08:00:00,1.3329,1.3353,1.3277,1.3326
2011-10-05 12:00:00,1.3328,1.3383,1.3305,1.3346
2011-10-05 16:00:00,1.3345,1.3365,1.3335,1.3343
2011-10-05 20:00:00,1.3344,1.3352,1.3319999999999999,1.3329
2011-10-06 00:00:00,1.3328,1.3357,1.3311,1.3337
2011-10-06 04:00:00,1.3338,1.3398,1.3265,1.3287
2011-10-06 08:00:00,1.3286,1.3433,1.3241,1.3406
2011-10-06 12:00:00,1.3407,1.345,1.3389,1.345
2011-10-06 16:00:00,1.3449,1.3449,1.3419999999999999,1.3426
2011-10-06 20:00:00,1.3427,1.3436,1.3403,1.3436
2011-10-07 00:00:00,1.3435,1.3464,1.3419999999999999,1.3446
2011-10-07 04:00:00,1.3445,1.3455,1.3413,1.3437
2011-10-07 08:00:00,1.3436,1.3524,1.3433,1.3512
2011-10-07 12:00:00,1.3511,1.3513,1.3361,1.3386
2011-10-07 16:00:00,1.3387,1.3405,1.337,1.3377
2011-10-09 16:00:00,1.3389,1.3409,1.3377,1.3399
2011-10-09 20:00:00,1.34,1.3468,1.3393,1.3458
2011-10-10 00:00:00,1.3459,1.3534,1.3454,1.3531
2011-10-10 04:00:00,1.3532,1.3604,1.3519,1.3583
2011-10-10 08:00:00,1.3584,1.369,1.3583,1.3683
2011-10-10 12:00:00,1.3684,1.3698,1.3630000000000002,1.365
2011-10-10 16:00:00,1.3651,1.3657,1.3625,1.3626
2011-10-10 20:00:00,1.3625,1.3653,1.3617,1.3625
2011-10-11 00:00:00,1.3626,1.3672,1.3616,1.3636
2011-10-11 04:00:00,1.3635,1.3643,1.3578,1.3588
2011-10-11 08:00:00,1.3587,1.3664,1.3565,1.3656
2011-10-11 12:00:00,1.3657,1.3683,1.3633,1.3679
2011-10-11 16:00:00,1.3678,1.3678,1.3632,1.3633
2011-10-11 20:00:00,1.3634,1.3639,1.3582,1.3614
2011-10-12 00:00:00,1.3613,1.3688,1.361,1.3688
2011-10-12 04:00:00,1.3687,1.3815,1.3681,1.376
2011-10-12 08:00:00,1.3761,1.3817,1.3752,1.3804
2011-10-12 12:00:00,1.3803,1.3833,1.3786,1.3791
2011-10-12 16:00:00,1.379,1.3794,1.3773,1.3777
2011-10-12 20:00:00,1.3778,1.3794,1.3767,1.3793
2011-10-13 00:00:00,1.3792,1.3826,1.3774,1.3808
2011-10-13 04:00:00,1.3809,1.3809,1.3708,1.3734
2011-10-13 08:00:00,1.3733,1.3745,1.3685,1.3729
2011-10-13 12:00:00,1.3730000000000002,1.3799,1.3721,1.3786
2011-10-13 16:00:00,1.3787,1.3798,1.3733,1.3752
2011-10-13 20:00:00,1.3751,1.3768,1.3723,1.376
2011-10-14 00:00:00,1.3759,1.3815,1.3744,1.3768
2011-10-14 04:00:00,1.3769,1.3827,1.3767,1.3794
2011-10-14 08:00:00,1.3796,1.3894,1.379,1.3859
2011-10-14 12:00:00,1.386,1.3883,1.3838,1.3877
2011-10-14 16:00:00,1.3878,1.3885,1.3875,1.3881
2011-10-16 16:00:00,1.3867,1.3887,1.3862,1.3872
2011-10-16 20:00:00,1.3873,1.3876,1.3827,1.3843
2011-10-17 00:00:00,1.3844,1.3898,1.3834,1.389
2011-10-17 04:00:00,1.3891,1.3914,1.3765,1.3780000000000001
2011-10-17 08:00:00,1.3779,1.3805,1.3738,1.3767
2011-10-17 12:00:00,1.3766,1.3781,1.3730000000000002,1.3744
2011-10-17 16:00:00,1.3745,1.375,1.3724,1.3744
2011-10-17 20:00:00,1.3745,1.3787,1.3745,1.3782
2011-10-18 00:00:00,1.3783,1.3784,1.3687,1.3714
2011-10-18 04:00:00,1.3713,1.3728,1.3656,1.367
2011-10-18 08:00:00,1.3669,1.3726,1.3652,1.3718
2011-10-18 12:00:00,1.3717,1.3817,1.3703,1.3763
2011-10-18 16:00:00,1.3762,1.3775,1.3729,1.3732
2011-10-18 20:00:00,1.3731,1.3805,1.3725,1.3802
2011-10-19 00:00:00,1.38,1.3840000000000001,1.3782,1.3812
2011-10-19 04:00:00,1.3811,1.3867,1.3793,1.3818
2011-10-19 08:00:00,1.3817,1.3868,1.3771,1.3774
2011-10-19 12:00:00,1.3775,1.3801,1.3731,1.375
2011-10-19 16:00:00,1.3751,1.3775,1.3744,1.3767
2011-10-19 20:00:00,1.3766,1.3783,1.3707,1.3725
2011-10-20 00:00:00,1.3724,1.3729,1.3673,1.3712
2011-10-20 04:00:00,1.3713,1.3842,1.3702,1.38
2011-10-20 08:00:00,1.3799,1.3813,1.3656,1.3671
2011-10-20 12:00:00,1.367,1.379,1.3659,1.3782
2011-10-20 16:00:00,1.3783,1.3795,1.3765,1.3794
2011-10-20 20:00:00,1.3793,1.3806,1.3763,1.3774
2011-10-21 00:00:00,1.3775,1.3808,1.3727,1.3736
2011-10-21 04:00:00,1.3735,1.3822,1.3703,1.3809
2011-10-21 08:00:00,1.381,1.39,1.3783,1.3872
2011-10-21 12:00:00,1.3873,1.3896,1.3822,1.3895
2011-10-21 16:00:00,1.3894,1.3901,1.389,1.3895
2011-10-23 16:00:00,1.3843,1.3874,1.3829,1.3849
2011-10-23 20:00:00,1.385,1.3882,1.3836,1.3881
2011-10-24 00:00:00,1.3882,1.3953,1.3876,1.389
2011-10-24 04:00:00,1.3889,1.3904,1.3822,1.386
2011-10-24 08:00:00,1.3859,1.3946,1.3827,1.3931
2011-10-24 12:00:00,1.393,1.3956,1.3912,1.3926
2011-10-24 16:00:00,1.3925,1.3932,1.3898,1.3919
2011-10-24 20:00:00,1.392,1.3927,1.389,1.3907
2011-10-25 00:00:00,1.3908,1.3944,1.3876,1.3928
2011-10-25 04:00:00,1.3927,1.396,1.3899,1.3938
2011-10-25 08:00:00,1.3937,1.3953,1.3848,1.391
2011-10-25 12:00:00,1.3909,1.3938,1.3894,1.3902
2011-10-25 16:00:00,1.3903,1.3917,1.3892,1.3899
2011-10-25 20:00:00,1.39,1.3935,1.3895,1.3922
2011-10-26 00:00:00,1.3923,1.3942,1.3895,1.3933
2011-10-26 04:00:00,1.3934,1.3952,1.3909,1.3927
2011-10-26 08:00:00,1.3928,1.3975,1.3797,1.3837
2011-10-26 12:00:00,1.3838,1.392,1.3818,1.3905
2011-10-26 16:00:00,1.3906,1.3914,1.3864,1.3885
2011-10-26 20:00:00,1.3884,1.3994,1.3884,1.3969
2011-10-27 00:00:00,1.3969999999999998,1.4037,1.3962,1.4006
2011-10-27 04:00:00,1.4007,1.4037,1.3985,1.4029
2011-10-27 08:00:00,1.403,1.4183,1.4029,1.4169999999999998
2011-10-27 12:00:00,1.4171,1.4247,1.4171,1.4185
2011-10-27 16:00:00,1.4186,1.42,1.4169,1.4198
2011-10-27 20:00:00,1.4197,1.4198,1.4159,1.4168
2011-10-28 00:00:00,1.4167,1.4196,1.4155,1.4169999999999998
2011-10-28 04:00:00,1.4169,1.4197,1.4133,1.4158
2011-10-28 08:00:00,1.4157,1.4188,1.4135,1.4163
2011-10-28 12:00:00,1.4164,1.4175,1.4148,1.4157
2011-10-28 16:00:00,1.4156,1.4161,1.4145,1.4151
2011-10-30 16:00:00,1.4142,1.4162,1.4137,1.4138
2011-10-30 20:00:00,1.4137,1.4169999999999998,1.4013,1.4014
2011-10-31 00:00:00,1.4013,1.405,1.3974,1.4044
2011-10-31 04:00:00,1.4043,1.4053,1.3978,1.4013
2011-10-31 08:00:00,1.4012,1.4027,1.393,1.3947
2011-10-31 12:00:00,1.3946,1.3959,1.3828,1.3834
2011-10-31 16:00:00,1.3836,1.3863,1.3834,1.3858
2011-10-31 20:00:00,1.3859,1.3869999999999998,1.3813,1.3843
2011-11-01 00:00:00,1.3844,1.3844,1.3746,1.3774
2011-11-01 04:00:00,1.3773,1.3774,1.3659999999999999,1.3681
2011-11-01 08:00:00,1.3683,1.37,1.3608,1.3674
2011-11-01 12:00:00,1.3675,1.3763,1.3661,1.3694
2011-11-01 16:00:00,1.3693,1.371,1.3636,1.3654
2011-11-01 20:00:00,1.3653,1.3731,1.3652,1.3716
2011-11-02 00:00:00,1.3717,1.3764,1.3708,1.3758
2011-11-02 04:00:00,1.3757,1.3802,1.3747,1.3778
2011-11-02 08:00:00,1.3777,1.3827,1.3771,1.3802
2011-11-02 12:00:00,1.3801,1.3801,1.3713,1.3734
2011-11-02 16:00:00,1.3735,1.3755,1.3684,1.3688
2011-11-02 20:00:00,1.3687,1.3709,1.3665,1.3702
2011-11-03 00:00:00,1.3701,1.3718,1.3656,1.3672
2011-11-03 04:00:00,1.3673,1.3819,1.367,1.3803
2011-11-03 08:00:00,1.3804,1.3834,1.3659,1.3743
2011-11-03 12:00:00,1.3744,1.3854,1.3736,1.3812
2011-11-03 16:00:00,1.3813,1.3838,1.3797,1.3822
2011-11-03 20:00:00,1.3823,1.3831,1.3787,1.3804
2011-11-04 00:00:00,1.3803,1.3835,1.379,1.38
2011-11-04 04:00:00,1.3801,1.3855,1.3787,1.3836
2011-11-04 08:00:00,1.3835,1.3867,1.371,1.3758
2011-11-04 12:00:00,1.3759,1.3803,1.3739,1.3769999999999998
2011-11-04 16:00:00,1.3769,1.3793,1.3768,1.3791
2011-11-06 16:00:00,1.3827,1.3831,1.3777,1.3785
2011-11-06 20:00:00,1.3786,1.3791,1.3754,1.3774
2011-11-07 00:00:00,1.3775,1.3776,1.3697,1.3714
2011-11-07 04:00:00,1.3713,1.3786,1.3681,1.3759
2011-11-07 08:00:00,1.3758,1.3813,1.3722,1.3742
2011-11-07 12:00:00,1.374,1.3784,1.3726,1.3779
2011-11-07 16:00:00,1.3780000000000001,1.3782,1.3737,1.3753
2011-11-07 20:00:00,1.3754,1.3773,1.374,1.3748
2011-11-08 00:00:00,1.3747,1.3782,1.3724,1.3769999999999998
2011-11-08 04:00:00,1.3769,1.3801,1.3756,1.379
2011-11-08 08:00:00,1.3789,1.3844,1.3773,1.3785
2011-11-08 12:00:00,1.3784,1.3845,1.3766,1.3835
2011-11-08 16:00:00,1.3836,1.3843,1.3813,1.3835
2011-11-08 20:00:00,1.3834,1.3857,1.3822,1.3824
2011-11-09 00:00:00,1.3823,1.3837,1.3775,1.3798
2011-11-09 04:00:00,1.38,1.3801,1.3617,1.3655
2011-11-09 08:00:00,1.3656,1.3657,1.3552,1.3595
2011-11-09 12:00:00,1.3594,1.3606,1.3523,1.3552
2011-11-09 16:00:00,1.3551,1.3557,1.3514,1.3531
2011-11-09 20:00:00,1.3532,1.3549,1.3527,1.3537
2011-11-10 00:00:00,1.3538,1.3581,1.3483,1.3572
2011-11-10 04:00:00,1.3573,1.3644,1.3555,1.3631
2011-11-10 08:00:00,1.3630000000000002,1.3652,1.355,1.3598
2011-11-10 12:00:00,1.3597,1.3634,1.3576,1.3602
2011-11-10 16:00:00,1.3603,1.3617,1.3584,1.359
2011-11-10 20:00:00,1.3589,1.3633,1.3578,1.3624
2011-11-11 00:00:00,1.3623,1.3668,1.3602,1.3651
2011-11-11 04:00:00,1.365,1.3659999999999999,1.3615,1.3646
2011-11-11 08:00:00,1.3647,1.3788,1.364,1.3777
2011-11-11 12:00:00,1.3776,1.3795,1.3735,1.3754
2011-11-11 16:00:00,1.3755,1.3756,1.3737,1.3749
2011-11-13 16:00:00,1.3808,1.3809,1.3756,1.3762
2011-11-13 20:00:00,1.3761,1.3778,1.3754,1.3769
2011-11-14 00:00:00,1.3768,1.3773,1.3699,1.3726
2011-11-14 04:00:00,1.3725,1.3728,1.3635,1.3648
2011-11-14 08:00:00,1.3649,1.367,1.3609,1.3623
2011-11-14 12:00:00,1.3622,1.3643,1.3591,1.3624
2011-11-14 16:00:00,1.3625,1.3637,1.361,1.3633
2011-11-14 20:00:00,1.3634,1.364,1.3594,1.3599
2011-11-15 00:00:00,1.36,1.3619,1.3565,1.3575
2011-11-15 04:00:00,1.3574,1.3575,1.3511,1.354
2011-11-15 08:00:00,1.3542,1.3573,1.3496,1.3522
2011-11-15 12:00:00,1.3523,1.3556,1.3523,1.3530000000000002
2011-11-15 16:00:00,1.3531,1.354,1.3491,1.3515
2011-11-15 20:00:00,1.3514,1.3518,1.3436,1.3463
2011-11-16 00:00:00,1.3464,1.3538,1.3428,1.3529
2011-11-16 04:00:00,1.3528,1.3556,1.3454,1.3493
2011-11-16 08:00:00,1.3494,1.354,1.3459999999999999,1.3504
2011-11-16 12:00:00,1.3503,1.3552,1.3474,1.3475
2011-11-16 16:00:00,1.3476,1.3478,1.3421,1.344
2011-11-16 20:00:00,1.3439,1.3493,1.3422,1.3488
2011-11-17 00:00:00,1.3487,1.3517,1.3452,1.3482
2011-11-17 04:00:00,1.3483,1.3497,1.3436,1.3492
2011-11-17 08:00:00,1.3491,1.3539,1.3478,1.3521
2011-11-17 12:00:00,1.3519999999999999,1.3522,1.3448,1.3466
2011-11-17 16:00:00,1.3465,1.3472,1.3446,1.3458
2011-11-17 20:00:00,1.3457,1.3504,1.3452,1.3478
2011-11-18 00:00:00,1.3477,1.3532,1.3466,1.3497
2011-11-18 04:00:00,1.3496,1.3614,1.3496,1.3581
2011-11-18 08:00:00,1.3582,1.3588,1.3499,1.3519999999999999
2011-11-18 12:00:00,1.3519,1.3538,1.3495,1.3515
2011-11-18 16:00:00,1.3514,1.3525,1.3508,1.3524
2011-11-20 16:00:00,1.3512,1.3537,1.3505,1.3519999999999999
2011-11-20 20:00:00,1.3519,1.3538,1.3511,1.3524
2011-11-21 00:00:00,1.3525,1.3525,1.344,1.3456
2011-11-21 04:00:00,1.3455,1.3466,1.3430000000000002,1.3454
2011-11-21 08:00:00,1.3455,1.3529,1.344,1.3525
2011-11-21 12:00:00,1.3524,1.354,1.3486,1.3501
2011-11-21 16:00:00,1.35,1.3506,1.3479,1.3495
2011-11-21 20:00:00,1.3494,1.3508,1.3469,1.3475
2011-11-22 00:00:00,1.3476,1.3554,1.3472,1.3534
2011-11-22 04:00:00,1.3535,1.3568,1.3511,1.3544
2011-11-22 08:00:00,1.3543,1.3546,1.3482,1.3499
2011-11-22 12:00:00,1.35,1.3541,1.35,1.3512
2011-11-22 16:00:00,1.3511,1.3531,1.3503,1.3529
2011-11-22 20:00:00,1.3530000000000002,1.3530000000000002,1.3451,1.3463
2011-11-23 00:00:00,1.3461,1.348,1.3439,1.3456
2011-11-23 04:00:00,1.3457,1.3461,1.3372,1.3387
2011-11-23 08:00:00,1.3386,1.3413,1.3326,1.3347
2011-11-23 12:00:00,1.3346,1.3367,1.3319999999999999,1.3336
2011-11-23 16:00:00,1.3337,1.3363,1.3333,1.3359999999999999
2011-11-23 20:00:00,1.3359,1.3384,1.3359,1.3367
2011-11-24 00:00:00,1.3368,1.3393,1.3354,1.3375
2011-11-24 04:00:00,1.3374,1.3411,1.3354,1.3372
2011-11-24 08:00:00,1.3371,1.3385,1.3315,1.3339
2011-11-24 12:00:00,1.334,1.3353,1.3332,1.3348
2011-11-24 16:00:00,1.3347,1.3352,1.3314,1.3316
2011-11-24 20:00:00,1.3317,1.3333,1.3303,1.3309
2011-11-25 00:00:00,1.331,1.3322,1.3264,1.3269
2011-11-25 04:00:00,1.3268,1.328,1.3225,1.3228
2011-11-25 08:00:00,1.3226,1.3297,1.3212,1.3242
2011-11-25 12:00:00,1.3241,1.3249,1.3221,1.3232
2011-11-25 16:00:00,1.3233,1.3243,1.3230000000000002,1.3238
2011-11-27 16:00:00,1.3322,1.3327,1.3279,1.3293
2011-11-27 20:00:00,1.3294,1.3334,1.3276,1.3285
2011-11-28 00:00:00,1.3286,1.3346,1.3272,1.3343
2011-11-28 04:00:00,1.3344,1.3398,1.3341,1.3354
2011-11-28 08:00:00,1.3353,1.3395,1.3326,1.3333
2011-11-28 12:00:00,1.3334,1.3341,1.3293,1.3309
2011-11-28 16:00:00,1.331,1.3323,1.3285,1.3298
2011-11-28 20:00:00,1.3297,1.3352,1.3288,1.3346
2011-11-29 00:00:00,1.3347,1.3373,1.3319,1.3321
2011-11-29 04:00:00,1.3322,1.3441,1.3314,1.3341
2011-11-29 08:00:00,1.334,1.3352,1.3293,1.3341
2011-11-29 12:00:00,1.3342,1.337,1.3314,1.3327
2011-11-29 16:00:00,1.3328,1.3337,1.3306,1.3331
2011-11-29 20:00:00,1.3332,1.3358,1.3314,1.3332
2011-11-30 00:00:00,1.3333,1.3341,1.3259,1.3278
2011-11-30 04:00:00,1.3279,1.3337,1.3274,1.3298
2011-11-30 08:00:00,1.3299,1.3532,1.3298,1.3452
2011-11-30 12:00:00,1.3451,1.3459,1.3419999999999999,1.3434
2011-11-30 16:00:00,1.3435,1.3452,1.3433,1.3441
2011-11-30 20:00:00,1.344,1.3473,1.3430000000000002,1.3466
2011-12-01 00:00:00,1.3467,1.3468,1.3417,1.3447
2011-12-01 04:00:00,1.3446,1.3505,1.3437,1.3489
2011-12-01 08:00:00,1.349,1.3519999999999999,1.3452,1.3486
2011-12-01 12:00:00,1.3485,1.3487,1.3442,1.3459999999999999
2011-12-01 16:00:00,1.3461,1.3487,1.3456,1.3483
2011-12-01 20:00:00,1.3482,1.3484,1.3448,1.3456
2011-12-02 00:00:00,1.3457,1.3487,1.3454,1.3474
2011-12-02 04:00:00,1.3473,1.3535,1.347,1.3519999999999999
2011-12-02 08:00:00,1.3519,1.3548,1.3362,1.3383
2011-12-02 12:00:00,1.3384,1.3411,1.3375,1.3404
2011-12-02 16:00:00,1.3405,1.3407,1.3389,1.339
2011-12-04 16:00:00,1.3419,1.34251,1.33949,1.34084
2011-12-04 20:00:00,1.34085,1.34169,1.33982,1.34048
2011-12-05 00:00:00,1.34051,1.34521,1.33988,1.34407
2011-12-05 04:00:00,1.3441,1.34599,1.3421399999999999,1.3443200000000002
2011-12-05 08:00:00,1.3443100000000001,1.34857,1.34349,1.34616
2011-12-05 12:00:00,1.34615,1.34648,1.33745,1.33934
2011-12-05 16:00:00,1.33933,1.3404,1.33812,1.33975
2011-12-05 20:00:00,1.33981,1.33985,1.33609,1.3371899999999999
2011-12-06 00:00:00,1.33718,1.33859,1.3332600000000001,1.33748
2011-12-06 04:00:00,1.3374700000000002,1.3427,1.3359,1.3395
2011-12-06 08:00:00,1.33954,1.3405799999999999,1.3359999999999999,1.33956
2011-12-06 12:00:00,1.33959,1.34196,1.33812,1.33979
2011-12-06 16:00:00,1.3396700000000001,1.34117,1.33965,1.3409200000000001
2011-12-06 20:00:00,1.34091,1.34256,1.34033,1.34198
2011-12-07 00:00:00,1.3420100000000001,1.34527,1.34128,1.34425
2011-12-07 04:00:00,1.3443,1.3443,1.3365799999999999,1.33666
2011-12-07 08:00:00,1.33667,1.3397,1.33503,1.3385
2011-12-07 12:00:00,1.33857,1.34274,1.33853,1.3403100000000001
2011-12-07 16:00:00,1.3403200000000002,1.34205,1.33911,1.3405200000000002
2011-12-07 20:00:00,1.34051,1.3411799999999998,1.3392600000000001,1.34049
2011-12-08 00:00:00,1.3405,1.34293,1.33965,1.3408
2011-12-08 04:00:00,1.34079,1.3419999999999999,1.3378299999999999,1.34198
2011-12-08 08:00:00,1.3420100000000001,1.34588,1.32883,1.33229
2011-12-08 12:00:00,1.33228,1.3373700000000002,1.33148,1.3338
2011-12-08 16:00:00,1.3337299999999999,1.33546,1.33359,1.33463
2011-12-08 20:00:00,1.33464,1.33713,1.33099,1.33354
2011-12-09 00:00:00,1.33356,1.33398,1.32808,1.33388
2011-12-09 04:00:00,1.33389,1.34332,1.3326,1.33827
2011-12-09 08:00:00,1.33828,1.33901,1.33168,1.33666
2011-12-09 12:00:00,1.33664,1.33786,1.33556,1.33689
2011-12-09 16:00:00,1.3368799999999998,1.33876,1.3368,1.33857
2011-12-11 16:00:00,1.3381,1.3381,1.33535,1.33546
2011-12-11 20:00:00,1.33545,1.33617,1.33334,1.33349
2011-12-12 00:00:00,1.33348,1.33566,1.32926,1.33117
2011-12-12 04:00:00,1.3311899999999999,1.33238,1.32513,1.3272700000000002
2011-12-12 08:00:00,1.32732,1.3276,1.31805,1.3186799999999999
2011-12-12 12:00:00,1.3187,1.3205799999999999,1.3162399999999999,1.31882
2011-12-12 16:00:00,1.31883,1.3191899999999999,1.31603,1.3179100000000001
2011-12-12 20:00:00,1.3179,1.32047,1.31729,1.32005
2011-12-13 00:00:00,1.32006,1.32141,1.3164799999999999,1.3186
2011-12-13 04:00:00,1.3185799999999999,1.32361,1.31664,1.32002
2011-12-13 08:00:00,1.3200399999999999,1.3211600000000001,1.3056299999999998,1.30923
2011-12-13 12:00:00,1.30924,1.3099100000000001,1.30083,1.30279
2011-12-13 16:00:00,1.3028,1.30434,1.3015,1.30366
2011-12-13 20:00:00,1.3037100000000001,1.304,1.3020399999999999,1.30335
2011-12-14 00:00:00,1.30334,1.3052700000000002,1.3004200000000001,1.304
2011-12-14 04:00:00,1.3040100000000001,1.30636,1.29647,1.29835
2011-12-14 08:00:00,1.29833,1.30037,1.29455,1.29705
2011-12-14 12:00:00,1.29704,1.3008600000000001,1.29653,1.29803
2011-12-14 16:00:00,1.2980200000000002,1.29928,1.29748,1.29912
2011-12-14 20:00:00,1.29911,1.2997100000000001,1.29797,1.2987600000000001
2011-12-15 00:00:00,1.29875,1.30377,1.29782,1.30014
2011-12-15 04:00:00,1.30016,1.30274,1.29565,1.30205
2011-12-15 08:00:00,1.30206,1.30491,1.29813,1.30113
2011-12-15 12:00:00,1.30115,1.3024,1.2993700000000001,1.30119
2011-12-15 16:00:00,1.30118,1.30379,1.30108,1.30352
2011-12-15 20:00:00,1.30355,1.30436,1.3025799999999998,1.30365
2011-12-16 00:00:00,1.30366,1.30398,1.3003,1.30244
2011-12-16 04:00:00,1.30246,1.30831,1.30196,1.307
2011-12-16 08:00:00,1.30701,1.30835,1.3019399999999999,1.30237
2011-12-16 12:00:00,1.3023799999999999,1.30369,1.29944,1.30358
2011-12-16 16:00:00,1.30355,1.3045,1.30256,1.3045
2011-12-18 16:00:00,1.30421,1.30435,1.30209,1.30216
2011-12-18 20:00:00,1.30218,1.30303,1.29823,1.29938
2011-12-19 00:00:00,1.29932,1.3033299999999999,1.2992,1.30169
2011-12-19 04:00:00,1.3017,1.30315,1.30026,1.30196
2011-12-19 08:00:00,1.30197,1.30417,1.3009700000000002,1.30154
2011-12-19 12:00:00,1.30158,1.3021,1.29874,1.29939
2011-12-19 16:00:00,1.29941,1.30146,1.29922,1.30039
2011-12-19 20:00:00,1.3003799999999999,1.30079,1.29945,1.30037
2011-12-20 00:00:00,1.30036,1.30408,1.3003200000000001,1.30354
2011-12-20 04:00:00,1.30344,1.3088799999999998,1.30336,1.308
2011-12-20 08:00:00,1.30799,1.3131,1.3063,1.30744
2011-12-20 12:00:00,1.30745,1.30884,1.30687,1.30768
2011-12-20 16:00:00,1.30769,1.31196,1.30745,1.31129
2011-12-20 20:00:00,1.31131,1.3126200000000001,1.3106799999999998,1.3112
2011-12-21 00:00:00,1.31121,1.3156,1.31015,1.3155
2011-12-21 04:00:00,1.31552,1.31962,1.3057299999999998,1.30711
2011-12-21 08:00:00,1.30712,1.3071700000000002,1.30244,1.3038399999999999
2011-12-21 12:00:00,1.30388,1.3082799999999999,1.30382,1.3045799999999999
2011-12-21 16:00:00,1.3045,1.30519,1.30329,1.30398
2011-12-21 20:00:00,1.30399,1.30475,1.3035299999999999,1.30424
2011-12-22 00:00:00,1.30423,1.31184,1.30408,1.30951
2011-12-22 04:00:00,1.30955,1.31046,1.30387,1.30555
2011-12-22 08:00:00,1.30554,1.30702,1.30166,1.3043799999999999
2011-12-22 12:00:00,1.30437,1.30588,1.30386,1.30493
2011-12-22 16:00:00,1.30494,1.30624,1.3043799999999999,1.30608
2011-12-22 20:00:00,1.30609,1.30789,1.3053,1.3067600000000001
2011-12-23 00:00:00,1.30677,1.30951,1.30641,1.30693
2011-12-23 04:00:00,1.30694,1.3083200000000001,1.3061200000000002,1.3075
2011-12-23 08:00:00,1.30751,1.30787,1.30254,1.30387
2011-12-23 12:00:00,1.30388,1.30564,1.30358,1.3042
2011-12-23 16:00:00,1.30407,1.3053700000000001,1.30407,1.3042200000000002
2011-12-26 00:00:00,1.3055,1.30748,1.30542,1.30653
2011-12-26 04:00:00,1.3065,1.3080200000000002,1.30576,1.30751
2011-12-26 08:00:00,1.3075700000000001,1.30817,1.30587,1.3072
2011-12-26 12:00:00,1.3071,1.30784,1.30564,1.3060399999999999
2011-12-26 16:00:00,1.30605,1.3062200000000002,1.30425,1.30588
2011-12-26 20:00:00,1.30587,1.3076299999999998,1.30535,1.3076299999999998
2011-12-27 00:00:00,1.30764,1.30768,1.3060399999999999,1.3071700000000002
2011-12-27 04:00:00,1.30716,1.30826,1.30569,1.306
2011-12-27 08:00:00,1.30603,1.30742,1.30561,1.3073299999999999
2011-12-27 12:00:00,1.30735,1.3077299999999998,1.30655,1.30674
2011-12-27 16:00:00,1.3067600000000001,1.30751,1.30621,1.3069600000000001
2011-12-27 20:00:00,1.30697,1.3075700000000001,1.30603,1.30623
2011-12-28 00:00:00,1.30624,1.3074,1.30562,1.30739
2011-12-28 04:00:00,1.30744,1.30795,1.3065,1.30679
2011-12-28 08:00:00,1.3068,1.30746,1.29154,1.29247
2011-12-28 12:00:00,1.29251,1.29536,1.29114,1.29389
2011-12-28 16:00:00,1.2939,1.29431,1.28869,1.28996
2011-12-28 20:00:00,1.28995,1.29367,1.2899,1.29285
2011-12-29 00:00:00,1.2928600000000001,1.29424,1.29112,1.29272
2011-12-29 04:00:00,1.29274,1.29291,1.28577,1.28864
2011-12-29 08:00:00,1.2886600000000001,1.29524,1.2868700000000002,1.2951700000000002
2011-12-29 12:00:00,1.2951,1.29639,1.29326,1.2962
2011-12-29 16:00:00,1.2963200000000001,1.2965,1.2941,1.29494
2011-12-29 20:00:00,1.29495,1.29551,1.2936,1.2941
2011-12-30 00:00:00,1.29409,1.29509,1.29034,1.29227
2011-12-30 04:00:00,1.29225,1.29552,1.2909899999999999,1.29338
2011-12-30 08:00:00,1.29336,1.2998,1.2931,1.2971
2011-12-30 12:00:00,1.2970899999999999,1.29748,1.29291,1.29411
2011-12-30 16:00:00,1.2941200000000002,1.29608,1.29366,1.2957299999999998
